;idInvoice;entity;created
0;1;816bcad8f58a;2019-01-16
1;2;816bcad8f58a;2019-01-17
2;3;816bcad8f58a;2019-01-16
3;4;7dc5690ac04e;2019-01-17
4;5;816bcad8f58a;2019-01-17
5;6;816bcad8f58a;2019-01-23
6;7;816bcad8f58a;2019-01-24
7;8;816bcad8f58a;2019-01-25
8;9;816bcad8f58a;2019-01-21
9;10;816bcad8f58a;2019-01-28
10;11;816bcad8f58a;2019-01-24
11;12;816bcad8f58a;2019-01-21
12;13;816bcad8f58a;2019-01-29
13;14;816bcad8f58a;2019-01-24
14;15;816bcad8f58a;2019-01-23
15;16;816bcad8f58a;2019-01-22
16;17;816bcad8f58a;2019-01-25
17;18;816bcad8f58a;2019-01-23
18;19;816bcad8f58a;2019-01-24
19;20;7dc5690ac04e;2019-01-24
20;21;816bcad8f58a;2019-01-25
21;22;816bcad8f58a;2019-01-28
22;23;816bcad8f58a;2019-01-30
23;24;816bcad8f58a;2019-01-28
24;25;816bcad8f58a;2019-01-29
25;26;816bcad8f58a;2019-01-29
26;27;816bcad8f58a;2019-01-29
27;28;816bcad8f58a;2019-01-31
28;29;816bcad8f58a;2019-03-01
29;30;816bcad8f58a;2019-02-01
30;31;816bcad8f58a;2019-02-05
31;32;816bcad8f58a;2019-02-25
32;33;816bcad8f58a;2019-02-11
33;34;816bcad8f58a;2019-01-31
34;35;816bcad8f58a;2019-02-01
35;36;816bcad8f58a;2019-02-05
36;37;816bcad8f58a;2019-02-01
37;38;816bcad8f58a;2019-02-11
38;39;816bcad8f58a;2019-02-02
39;40;816bcad8f58a;2019-02-01
40;41;816bcad8f58a;2019-02-01
41;42;816bcad8f58a;2019-02-05
42;43;816bcad8f58a;2019-02-05
43;44;816bcad8f58a;2019-02-06
44;45;816bcad8f58a;2019-02-06
45;46;816bcad8f58a;2019-02-07
46;47;816bcad8f58a;2019-02-07
47;48;816bcad8f58a;2019-02-07
48;49;816bcad8f58a;2019-02-11
49;50;816bcad8f58a;2019-02-12
50;51;816bcad8f58a;2019-02-08
51;52;816bcad8f58a;2019-02-07
52;53;816bcad8f58a;2019-02-08
53;54;816bcad8f58a;2019-02-11
54;55;816bcad8f58a;2019-02-08
55;56;816bcad8f58a;2019-02-11
56;57;816bcad8f58a;2019-02-08
57;58;816bcad8f58a;2019-02-14
58;59;816bcad8f58a;2019-02-11
59;60;816bcad8f58a;2019-02-15
60;61;816bcad8f58a;2019-02-13
61;62;816bcad8f58a;2019-02-11
62;63;816bcad8f58a;2019-02-13
63;64;816bcad8f58a;2019-02-12
64;65;816bcad8f58a;2019-02-12
65;66;816bcad8f58a;2019-03-14
66;67;816bcad8f58a;2019-02-17
67;68;816bcad8f58a;2019-02-14
68;69;816bcad8f58a;2019-02-15
69;70;816bcad8f58a;2019-02-18
70;71;816bcad8f58a;2019-02-15
71;72;816bcad8f58a;2019-02-18
72;73;816bcad8f58a;2019-02-18
73;74;816bcad8f58a;2019-02-19
74;75;816bcad8f58a;2019-02-20
75;76;816bcad8f58a;2019-02-20
76;77;816bcad8f58a;2019-02-20
77;78;7dc5690ac04e;2019-02-22
78;79;816bcad8f58a;2019-02-20
79;80;816bcad8f58a;2019-03-12
80;81;816bcad8f58a;2019-02-21
81;82;816bcad8f58a;2019-02-21
82;83;816bcad8f58a;2019-02-22
83;84;816bcad8f58a;2019-02-21
84;85;816bcad8f58a;2019-02-22
85;86;816bcad8f58a;2019-02-22
86;87;816bcad8f58a;2019-02-25
87;88;816bcad8f58a;2019-02-25
88;89;816bcad8f58a;2019-03-11
89;90;816bcad8f58a;2019-02-25
90;91;816bcad8f58a;2019-02-26
91;92;816bcad8f58a;2019-02-28
92;93;816bcad8f58a;2019-02-26
93;94;816bcad8f58a;2019-02-27
94;95;816bcad8f58a;2019-02-27
95;96;816bcad8f58a;2019-02-26
96;97;816bcad8f58a;2019-02-27
97;98;816bcad8f58a;2019-02-27
98;99;816bcad8f58a;2019-02-27
99;100;816bcad8f58a;2019-03-04
100;101;816bcad8f58a;2019-03-05
101;102;816bcad8f58a;2019-03-06
102;103;816bcad8f58a;2019-03-05
103;104;816bcad8f58a;2019-03-01
104;105;816bcad8f58a;2019-03-01
105;106;816bcad8f58a;2019-03-03
106;107;816bcad8f58a;2019-03-04
107;108;816bcad8f58a;2019-04-03
108;109;816bcad8f58a;2019-03-09
109;110;816bcad8f58a;2019-03-05
110;111;816bcad8f58a;2019-03-06
111;112;816bcad8f58a;2019-03-05
112;113;816bcad8f58a;2019-03-06
113;114;816bcad8f58a;2019-03-06
114;115;816bcad8f58a;2019-03-07
115;116;816bcad8f58a;2019-03-11
116;117;816bcad8f58a;2019-03-07
117;118;816bcad8f58a;2019-03-07
118;119;816bcad8f58a;2019-03-07
119;120;816bcad8f58a;2019-03-10
120;121;816bcad8f58a;2019-03-22
121;122;816bcad8f58a;2019-03-14
122;123;816bcad8f58a;2019-03-11
123;124;816bcad8f58a;2019-03-12
124;125;816bcad8f58a;2019-03-13
125;126;816bcad8f58a;2019-03-15
126;127;816bcad8f58a;2019-04-01
127;128;816bcad8f58a;2019-03-18
128;129;816bcad8f58a;2019-03-15
129;130;816bcad8f58a;2019-03-18
130;131;816bcad8f58a;2019-03-18
131;132;816bcad8f58a;2019-03-19
132;133;816bcad8f58a;2019-03-20
133;134;816bcad8f58a;2019-03-20
134;135;816bcad8f58a;2019-04-01
135;136;816bcad8f58a;2019-03-20
136;137;816bcad8f58a;2019-03-20
137;138;816bcad8f58a;2019-03-21
138;139;816bcad8f58a;2019-03-21
139;140;816bcad8f58a;2019-03-21
140;141;816bcad8f58a;2019-03-25
141;142;816bcad8f58a;2019-03-21
142;143;816bcad8f58a;2019-03-23
143;144;816bcad8f58a;2019-03-26
144;145;816bcad8f58a;2019-03-22
145;146;816bcad8f58a;2019-03-25
146;147;816bcad8f58a;2019-03-31
147;148;816bcad8f58a;2019-03-25
148;149;816bcad8f58a;2019-03-26
149;150;816bcad8f58a;2019-03-25
150;151;816bcad8f58a;2019-03-26
151;152;816bcad8f58a;2019-03-26
152;153;816bcad8f58a;2019-04-01
153;154;816bcad8f58a;2019-03-28
154;155;816bcad8f58a;2019-04-02
155;156;816bcad8f58a;2019-03-27
156;157;816bcad8f58a;2019-04-02
157;158;816bcad8f58a;2019-03-29
158;159;816bcad8f58a;2019-04-04
159;160;816bcad8f58a;2019-04-02
160;161;816bcad8f58a;2019-04-02
161;162;816bcad8f58a;2019-04-03
162;163;816bcad8f58a;2019-04-04
163;164;816bcad8f58a;2019-04-03
164;165;816bcad8f58a;2019-04-04
165;166;816bcad8f58a;2019-04-08
166;167;816bcad8f58a;2019-04-09
167;168;7dc5690ac04e;2019-04-09
168;169;816bcad8f58a;2019-04-08
169;170;816bcad8f58a;2019-04-09
170;171;816bcad8f58a;2019-04-19
171;172;816bcad8f58a;2019-04-09
172;173;816bcad8f58a;2019-04-10
173;174;816bcad8f58a;2019-04-30
174;175;816bcad8f58a;2019-04-12
175;176;816bcad8f58a;2019-04-11
176;177;816bcad8f58a;2019-04-12
177;178;816bcad8f58a;2019-05-13
178;179;816bcad8f58a;2019-04-19
179;180;816bcad8f58a;2019-02-12
180;181;816bcad8f58a;2019-04-16
181;182;816bcad8f58a;2019-04-18
182;183;816bcad8f58a;2019-04-15
183;184;816bcad8f58a;2019-04-16
184;185;816bcad8f58a;2019-04-15
185;186;816bcad8f58a;2019-04-18
186;187;816bcad8f58a;2019-04-16
187;188;816bcad8f58a;2019-04-17
188;189;816bcad8f58a;2019-04-16
189;190;816bcad8f58a;2019-04-18
190;191;816bcad8f58a;2019-04-18
191;192;816bcad8f58a;2019-04-26
192;193;816bcad8f58a;2019-04-17
193;194;816bcad8f58a;2019-04-18
194;195;816bcad8f58a;2019-04-19
195;196;816bcad8f58a;2019-04-22
196;197;816bcad8f58a;2019-04-19
197;198;816bcad8f58a;2019-04-19
198;199;816bcad8f58a;2019-04-19
199;200;816bcad8f58a;2019-04-22
200;201;816bcad8f58a;2019-04-22
201;202;816bcad8f58a;2019-04-23
202;203;816bcad8f58a;2019-07-04
203;204;816bcad8f58a;2019-04-25
204;205;816bcad8f58a;2019-04-22
205;206;816bcad8f58a;2019-04-23
206;207;816bcad8f58a;2019-04-23
207;208;816bcad8f58a;2019-04-24
208;209;816bcad8f58a;2019-04-25
209;210;816bcad8f58a;2019-04-29
210;211;816bcad8f58a;2019-04-25
211;212;816bcad8f58a;2019-04-29
212;213;816bcad8f58a;2019-04-29
213;214;816bcad8f58a;2019-04-25
214;215;816bcad8f58a;2019-05-14
215;216;816bcad8f58a;2019-04-29
216;217;816bcad8f58a;2019-04-25
217;218;816bcad8f58a;2019-04-29
218;219;816bcad8f58a;2019-04-29
219;220;816bcad8f58a;2019-04-26
220;221;816bcad8f58a;2019-04-26
221;222;816bcad8f58a;2019-04-30
222;223;7dc5690ac04e;2019-05-08
223;224;816bcad8f58a;2019-05-07
224;225;816bcad8f58a;2019-05-08
225;226;816bcad8f58a;2019-05-22
226;227;816bcad8f58a;2019-05-22
227;228;816bcad8f58a;2019-05-15
228;229;816bcad8f58a;2019-05-13
229;230;816bcad8f58a;2019-05-21
230;231;816bcad8f58a;2019-05-14
231;232;816bcad8f58a;2019-05-14
232;233;816bcad8f58a;2019-05-15
233;234;816bcad8f58a;2019-05-16
234;235;816bcad8f58a;2019-05-15
235;236;816bcad8f58a;2019-05-17
236;237;816bcad8f58a;2019-05-17
237;238;816bcad8f58a;2019-05-17
238;239;816bcad8f58a;2019-05-20
239;240;816bcad8f58a;2019-05-21
240;241;816bcad8f58a;2019-06-08
241;242;816bcad8f58a;2019-05-28
242;243;816bcad8f58a;2019-05-25
243;244;816bcad8f58a;2019-05-24
244;245;816bcad8f58a;2019-05-24
245;246;816bcad8f58a;2019-05-30
246;247;816bcad8f58a;2019-05-27
247;248;816bcad8f58a;2019-05-31
248;249;816bcad8f58a;2019-05-28
249;250;816bcad8f58a;2019-05-28
250;251;816bcad8f58a;2019-05-27
251;252;7dc5690ac04e;2019-05-31
252;253;816bcad8f58a;2019-05-28
253;254;816bcad8f58a;2019-05-28
254;255;816bcad8f58a;2019-05-30
255;256;816bcad8f58a;2019-05-30
256;257;816bcad8f58a;2019-05-31
257;258;816bcad8f58a;2019-05-30
258;259;816bcad8f58a;2019-05-30
259;260;816bcad8f58a;2019-05-29
260;261;816bcad8f58a;2019-05-29
261;262;816bcad8f58a;2019-05-31
262;263;816bcad8f58a;2019-05-29
263;264;816bcad8f58a;2019-06-14
264;265;816bcad8f58a;2019-05-30
265;266;816bcad8f58a;2019-05-30
266;267;816bcad8f58a;2019-05-30
267;268;816bcad8f58a;2019-05-30
268;269;816bcad8f58a;2019-05-31
269;270;816bcad8f58a;2019-06-03
270;271;816bcad8f58a;2019-06-06
271;272;816bcad8f58a;2019-06-03
272;273;816bcad8f58a;2019-06-05
273;274;816bcad8f58a;2019-06-03
274;275;816bcad8f58a;2019-06-06
275;276;816bcad8f58a;2019-06-04
276;277;816bcad8f58a;2019-06-05
277;278;816bcad8f58a;2019-06-04
278;279;816bcad8f58a;2019-06-05
279;280;816bcad8f58a;2019-06-06
280;281;816bcad8f58a;2019-06-05
281;282;816bcad8f58a;2019-06-06
282;283;816bcad8f58a;2019-06-06
283;284;816bcad8f58a;2019-06-08
284;285;816bcad8f58a;2019-06-07
285;286;816bcad8f58a;2019-06-13
286;287;816bcad8f58a;2019-06-13
287;288;816bcad8f58a;2019-06-11
288;289;816bcad8f58a;2019-06-13
289;290;816bcad8f58a;2019-07-24
290;291;816bcad8f58a;2019-06-17
291;292;816bcad8f58a;2019-06-18
292;293;816bcad8f58a;2019-06-17
293;294;816bcad8f58a;2019-06-18
294;295;816bcad8f58a;2019-06-21
295;296;816bcad8f58a;2019-06-19
296;297;816bcad8f58a;2019-06-19
297;298;7dc5690ac04e;2019-06-19
298;299;816bcad8f58a;2019-06-25
299;300;ad4f6cca7424;2019-06-26
300;301;816bcad8f58a;2019-06-28
301;302;816bcad8f58a;2019-06-21
302;303;816bcad8f58a;2019-06-25
303;304;816bcad8f58a;2019-07-03
304;305;816bcad8f58a;2019-07-01
305;306;7dc5690ac04e;2019-06-21
306;307;816bcad8f58a;2019-06-25
307;308;816bcad8f58a;2019-06-25
308;309;816bcad8f58a;2019-06-26
309;310;816bcad8f58a;2019-06-28
310;311;816bcad8f58a;2019-07-17
311;312;816bcad8f58a;2019-06-26
312;313;816bcad8f58a;2019-06-27
313;314;7dc5690ac04e;2019-06-26
314;315;816bcad8f58a;2019-06-26
315;316;7dc5690ac04e;2019-06-27
316;317;816bcad8f58a;2019-06-27
317;318;816bcad8f58a;2019-06-27
318;319;816bcad8f58a;2019-06-28
319;320;816bcad8f58a;2019-07-04
320;321;816bcad8f58a;2019-07-02
321;322;816bcad8f58a;2019-07-03
322;323;816bcad8f58a;2019-07-08
323;324;816bcad8f58a;2019-07-03
324;325;816bcad8f58a;2019-07-05
325;326;816bcad8f58a;2019-07-08
326;327;816bcad8f58a;2019-07-08
327;328;816bcad8f58a;2019-07-11
328;329;816bcad8f58a;2019-07-12
329;330;816bcad8f58a;2019-07-10
330;331;816bcad8f58a;2019-07-11
331;332;816bcad8f58a;2019-07-11
332;333;7dc5690ac04e;2019-07-12
333;334;816bcad8f58a;2019-07-12
334;335;816bcad8f58a;2019-07-15
335;336;816bcad8f58a;2019-07-17
336;337;816bcad8f58a;2019-07-12
337;338;816bcad8f58a;2019-07-15
338;339;816bcad8f58a;2019-07-15
339;340;816bcad8f58a;2019-07-15
340;341;816bcad8f58a;2019-07-16
341;342;816bcad8f58a;2019-07-16
342;343;816bcad8f58a;2019-07-16
343;344;816bcad8f58a;2019-07-17
344;345;816bcad8f58a;2019-07-18
345;346;7dc5690ac04e;2019-07-17
346;347;816bcad8f58a;2019-07-17
347;348;816bcad8f58a;2019-08-13
348;349;816bcad8f58a;2019-07-19
349;350;816bcad8f58a;2019-07-29
350;351;816bcad8f58a;2019-07-23
351;352;816bcad8f58a;2019-07-18
352;353;816bcad8f58a;2019-07-22
353;354;816bcad8f58a;2019-07-22
354;355;816bcad8f58a;2019-07-21
355;356;816bcad8f58a;2019-07-22
356;357;816bcad8f58a;2019-07-22
357;358;816bcad8f58a;2019-07-23
358;359;816bcad8f58a;2019-07-24
359;360;816bcad8f58a;2019-07-31
360;361;816bcad8f58a;2019-07-26
361;362;816bcad8f58a;2019-07-25
362;363;816bcad8f58a;2019-07-25
363;364;816bcad8f58a;2019-07-29
364;365;816bcad8f58a;2019-07-29
365;366;816bcad8f58a;2019-07-31
366;367;816bcad8f58a;2019-07-31
367;368;816bcad8f58a;2019-08-01
368;369;7dc5690ac04e;2019-08-02
369;370;816bcad8f58a;2019-08-02
370;371;816bcad8f58a;2019-08-06
371;372;816bcad8f58a;2019-08-07
372;373;816bcad8f58a;2019-08-08
373;374;816bcad8f58a;2019-08-09
374;375;816bcad8f58a;2019-09-18
375;376;816bcad8f58a;2019-08-09
376;377;816bcad8f58a;2019-08-12
377;378;816bcad8f58a;2019-08-12
378;379;816bcad8f58a;2019-08-16
379;380;816bcad8f58a;2019-08-19
380;381;816bcad8f58a;2019-08-15
381;382;816bcad8f58a;2019-08-16
382;383;816bcad8f58a;2019-08-15
383;384;816bcad8f58a;2019-08-16
384;385;816bcad8f58a;2019-08-19
385;386;816bcad8f58a;2019-08-19
386;387;816bcad8f58a;2019-08-20
387;388;816bcad8f58a;2019-10-14
388;389;816bcad8f58a;2019-08-26
389;390;816bcad8f58a;2019-11-06
390;391;816bcad8f58a;2019-08-20
391;392;816bcad8f58a;2019-08-21
392;393;816bcad8f58a;2019-08-22
393;394;7dc5690ac04e;2019-08-21
394;395;816bcad8f58a;2019-08-22
395;396;816bcad8f58a;2019-08-23
396;397;816bcad8f58a;2019-08-26
397;398;816bcad8f58a;2019-08-27
398;399;816bcad8f58a;2019-08-29
399;400;816bcad8f58a;2019-08-27
400;401;816bcad8f58a;2019-08-28
401;402;816bcad8f58a;2019-08-29
402;403;816bcad8f58a;2019-08-27
403;404;816bcad8f58a;2019-08-28
404;405;816bcad8f58a;2019-08-27
405;406;816bcad8f58a;2019-08-29
406;407;816bcad8f58a;2019-09-17
407;408;816bcad8f58a;2019-09-02
408;409;816bcad8f58a;2019-09-03
409;410;816bcad8f58a;2019-08-29
410;411;816bcad8f58a;2019-09-02
411;412;816bcad8f58a;2019-09-02
412;413;816bcad8f58a;2019-09-03
413;414;816bcad8f58a;2019-09-03
414;415;816bcad8f58a;2019-09-05
415;416;816bcad8f58a;2019-09-03
416;417;816bcad8f58a;2019-09-04
417;418;816bcad8f58a;2019-09-09
418;419;816bcad8f58a;2019-09-06
419;420;816bcad8f58a;2019-09-06
420;421;816bcad8f58a;2019-09-09
421;422;816bcad8f58a;2019-09-10
422;423;7dc5690ac04e;2019-09-10
423;424;816bcad8f58a;2019-09-10
424;425;816bcad8f58a;2019-09-10
425;426;816bcad8f58a;2019-09-10
426;427;7dc5690ac04e;2019-09-10
427;428;ad4f6cca7424;2019-09-10
428;429;816bcad8f58a;2019-09-11
429;430;816bcad8f58a;2019-09-20
430;432;816bcad8f58a;2019-09-16
431;431;816bcad8f58a;2019-09-12
432;433;816bcad8f58a;2019-09-13
433;434;ad4f6cca7424;2019-09-17
434;435;816bcad8f58a;2019-09-17
435;436;816bcad8f58a;2019-09-17
436;437;7dc5690ac04e;2019-09-18
437;438;816bcad8f58a;2019-09-28
438;439;816bcad8f58a;2019-09-18
439;440;816bcad8f58a;2019-09-19
440;441;816bcad8f58a;2019-09-19
441;442;816bcad8f58a;2019-09-19
442;443;816bcad8f58a;2019-09-23
443;444;816bcad8f58a;2019-09-23
444;445;816bcad8f58a;2019-11-12
445;446;816bcad8f58a;2019-09-24
446;447;816bcad8f58a;2019-09-25
447;448;816bcad8f58a;2019-09-25
448;449;816bcad8f58a;2019-09-25
449;450;816bcad8f58a;2019-09-26
450;451;816bcad8f58a;2019-09-27
451;452;816bcad8f58a;2019-09-30
452;453;816bcad8f58a;2019-09-30
453;454;816bcad8f58a;2019-09-30
454;455;816bcad8f58a;2019-10-10
455;456;816bcad8f58a;2019-10-04
456;457;816bcad8f58a;2019-10-03
457;458;816bcad8f58a;2019-10-04
458;459;816bcad8f58a;2019-10-02
459;460;816bcad8f58a;2019-10-03
460;461;816bcad8f58a;2019-10-03
461;462;816bcad8f58a;2019-10-04
462;463;816bcad8f58a;2019-10-07
463;464;816bcad8f58a;2019-10-09
464;465;816bcad8f58a;2020-02-10
465;466;816bcad8f58a;2019-10-09
466;467;816bcad8f58a;2019-10-09
467;468;816bcad8f58a;2019-10-09
468;469;7dc5690ac04e;2019-10-09
469;470;816bcad8f58a;2019-10-10
470;471;816bcad8f58a;2019-10-11
471;472;816bcad8f58a;2019-10-10
472;473;816bcad8f58a;2019-10-18
473;474;7dc5690ac04e;2019-10-12
474;475;7dc5690ac04e;2019-10-14
475;476;816bcad8f58a;2019-10-15
476;477;816bcad8f58a;2019-10-11
477;478;816bcad8f58a;2019-10-14
478;479;816bcad8f58a;2019-10-17
479;480;816bcad8f58a;2019-10-18
480;481;816bcad8f58a;2019-10-21
481;482;816bcad8f58a;2019-10-22
482;483;816bcad8f58a;2019-10-23
483;484;816bcad8f58a;2019-10-22
484;485;816bcad8f58a;2019-10-22
485;486;816bcad8f58a;2019-10-23
486;488;816bcad8f58a;2019-11-06
487;487;816bcad8f58a;2019-10-28
488;489;816bcad8f58a;2019-11-14
489;490;816bcad8f58a;2019-11-01
490;491;816bcad8f58a;2019-10-31
491;492;816bcad8f58a;2019-10-31
492;493;7dc5690ac04e;2019-10-31
493;494;816bcad8f58a;2019-11-05
494;495;816bcad8f58a;2019-10-31
495;496;816bcad8f58a;2019-11-13
496;497;ad4f6cca7424;2019-11-01
497;498;816bcad8f58a;2019-11-08
498;499;816bcad8f58a;2019-11-11
499;500;816bcad8f58a;2019-11-11
500;501;816bcad8f58a;2019-11-08
501;502;816bcad8f58a;2019-11-12
502;503;816bcad8f58a;2019-11-11
503;504;816bcad8f58a;2019-11-25
504;505;816bcad8f58a;2019-11-20
505;506;816bcad8f58a;2019-11-15
506;507;816bcad8f58a;2019-11-13
507;508;816bcad8f58a;2019-11-27
508;509;816bcad8f58a;2019-11-15
509;510;816bcad8f58a;2019-11-13
510;512;816bcad8f58a;2019-11-15
511;513;816bcad8f58a;2019-11-14
512;511;816bcad8f58a;2019-11-20
513;514;816bcad8f58a;2019-11-15
514;515;816bcad8f58a;2019-11-18
515;516;816bcad8f58a;2019-11-18
516;517;816bcad8f58a;2019-11-18
517;518;816bcad8f58a;2019-11-19
518;519;816bcad8f58a;2019-11-19
519;520;816bcad8f58a;2019-11-19
520;521;816bcad8f58a;2019-11-21
521;522;816bcad8f58a;2019-11-20
522;523;816bcad8f58a;2019-11-19
523;524;816bcad8f58a;2019-11-21
524;525;816bcad8f58a;2019-11-28
525;526;816bcad8f58a;2019-11-22
526;527;816bcad8f58a;2019-11-25
527;528;816bcad8f58a;2019-11-26
528;529;816bcad8f58a;2019-11-25
529;530;816bcad8f58a;2019-11-26
530;531;816bcad8f58a;2019-11-27
531;532;816bcad8f58a;2019-11-27
532;533;816bcad8f58a;2019-11-28
533;534;816bcad8f58a;2019-12-02
534;535;816bcad8f58a;2019-11-28
535;536;816bcad8f58a;2019-11-28
536;537;816bcad8f58a;2019-12-09
537;538;816bcad8f58a;2019-12-02
538;539;816bcad8f58a;2019-12-04
539;540;816bcad8f58a;2019-12-06
540;541;816bcad8f58a;2019-12-11
541;542;816bcad8f58a;2019-12-06
542;543;816bcad8f58a;2019-12-09
543;544;816bcad8f58a;2019-12-09
544;545;816bcad8f58a;2019-12-09
545;546;816bcad8f58a;2019-12-12
546;547;816bcad8f58a;2019-12-11
547;548;816bcad8f58a;2019-12-12
548;549;816bcad8f58a;2019-12-13
549;550;816bcad8f58a;2019-12-12
550;551;816bcad8f58a;2019-12-12
551;552;816bcad8f58a;2019-12-17
552;553;816bcad8f58a;2019-12-23
553;554;816bcad8f58a;2019-12-13
554;555;816bcad8f58a;2019-12-13
555;556;816bcad8f58a;2019-12-17
556;557;816bcad8f58a;2019-12-20
557;558;816bcad8f58a;2019-12-16
558;559;816bcad8f58a;2019-12-17
559;560;816bcad8f58a;2019-12-17
560;561;816bcad8f58a;2019-12-17
561;562;816bcad8f58a;2019-12-17
562;563;816bcad8f58a;2019-12-20
563;564;816bcad8f58a;2019-12-19
564;565;816bcad8f58a;2019-12-19
565;566;816bcad8f58a;2019-12-26
566;567;816bcad8f58a;2020-01-14
567;568;816bcad8f58a;2020-01-13
568;569;816bcad8f58a;2020-01-24
569;570;816bcad8f58a;2020-02-05
570;571;816bcad8f58a;2020-02-06
571;572;816bcad8f58a;2020-02-12
572;573;816bcad8f58a;2020-02-18
573;574;816bcad8f58a;2020-02-20
574;575;816bcad8f58a;2020-03-10
575;576;816bcad8f58a;2020-03-04
576;577;816bcad8f58a;2020-03-17
577;579;816bcad8f58a;2020-03-16
578;578;816bcad8f58a;2020-03-17
579;580;816bcad8f58a;2020-03-18
580;581;816bcad8f58a;2020-03-19
581;582;816bcad8f58a;2020-03-20
582;583;816bcad8f58a;2020-03-20
583;584;816bcad8f58a;2020-03-24
584;585;816bcad8f58a;2020-04-01
585;587;816bcad8f58a;2020-04-06
586;588;816bcad8f58a;2020-04-13
587;589;816bcad8f58a;2020-04-01
588;586;816bcad8f58a;2020-04-06
589;590;816bcad8f58a;2020-04-13
590;591;816bcad8f58a;2020-04-17
591;592;816bcad8f58a;2020-04-22
592;594;816bcad8f58a;2020-05-18
593;593;816bcad8f58a;2020-06-03
594;595;816bcad8f58a;2020-05-07
595;596;816bcad8f58a;2020-06-09
596;597;816bcad8f58a;2020-06-16
597;598;816bcad8f58a;2020-06-17
598;599;816bcad8f58a;2020-06-16
599;600;816bcad8f58a;2020-06-04
600;601;816bcad8f58a;2020-06-10
601;602;816bcad8f58a;2020-06-08
602;603;816bcad8f58a;2020-06-17
603;604;816bcad8f58a;2020-07-20
604;605;816bcad8f58a;2020-08-12
605;606;816bcad8f58a;2020-08-12
606;607;816bcad8f58a;2020-08-28
607;608;816bcad8f58a;2020-09-17
608;609;816bcad8f58a;2020-09-18
609;610;816bcad8f58a;2020-09-17
610;611;816bcad8f58a;2020-10-07
611;612;816bcad8f58a;2020-09-29
612;613;816bcad8f58a;2020-10-30
613;614;816bcad8f58a;2020-11-06
614;615;816bcad8f58a;2020-11-20
615;616;816bcad8f58a;2020-12-08
616;617;816bcad8f58a;2020-12-08
617;618;816bcad8f58a;2020-12-08
618;619;816bcad8f58a;2020-12-14
619;621;816bcad8f58a;2020-12-25
620;620;816bcad8f58a;2020-12-25
621;620;816bcad8f58a;2020-12-25
622;622;816bcad8f58a;2020-12-21
623;623;816bcad8f58a;2020-12-22
624;624;816bcad8f58a;2020-12-28
625;625;816bcad8f58a;2021-01-12
626;626;816bcad8f58a;2021-01-13
627;627;816bcad8f58a;2021-01-14
628;628;816bcad8f58a;2021-01-12
629;629;816bcad8f58a;2021-01-15
630;630;816bcad8f58a;2021-01-13
631;631;816bcad8f58a;2021-01-15
632;632;816bcad8f58a;2021-01-15
633;633;816bcad8f58a;2021-01-15
634;634;816bcad8f58a;2021-01-19
635;635;816bcad8f58a;2021-01-21
636;636;816bcad8f58a;2021-01-22
637;637;816bcad8f58a;2021-02-04
638;638;816bcad8f58a;2021-01-25
639;639;816bcad8f58a;2021-01-26
640;640;816bcad8f58a;2021-01-26
641;641;816bcad8f58a;2021-01-28
642;642;816bcad8f58a;2021-01-27
643;643;816bcad8f58a;2021-01-31
644;644;816bcad8f58a;2021-01-28
645;645;816bcad8f58a;2021-02-01
646;646;816bcad8f58a;2021-02-02
647;647;816bcad8f58a;2021-02-04
648;648;816bcad8f58a;2021-02-03
649;649;816bcad8f58a;2021-02-08
650;650;816bcad8f58a;2021-02-10
651;651;816bcad8f58a;2021-02-05
652;652;816bcad8f58a;2021-02-08
653;653;816bcad8f58a;2021-02-12
654;654;816bcad8f58a;2021-02-11
655;655;816bcad8f58a;2021-02-10
656;656;816bcad8f58a;2021-02-12
657;657;816bcad8f58a;2021-02-15
658;658;816bcad8f58a;2021-02-15
659;659;816bcad8f58a;2021-02-16
660;660;816bcad8f58a;2021-02-25
661;661;816bcad8f58a;2021-02-24
662;662;816bcad8f58a;2021-02-26
663;663;816bcad8f58a;2021-02-24
664;664;816bcad8f58a;2021-02-24
665;665;816bcad8f58a;2021-03-02
666;666;816bcad8f58a;2021-03-15
667;667;816bcad8f58a;2021-03-02
668;668;816bcad8f58a;2021-03-03
669;669;816bcad8f58a;2021-03-03
670;670;816bcad8f58a;2021-03-04
671;671;816bcad8f58a;2021-03-11
672;672;816bcad8f58a;2021-03-11
673;673;816bcad8f58a;2021-03-12
674;674;816bcad8f58a;2021-03-11
675;675;816bcad8f58a;2021-03-14
676;676;816bcad8f58a;2021-03-15
677;677;816bcad8f58a;2021-03-15
678;678;816bcad8f58a;2021-03-15
679;679;816bcad8f58a;2021-03-18
680;680;816bcad8f58a;2021-03-16
681;681;816bcad8f58a;2021-03-18
682;682;816bcad8f58a;2021-03-18
683;683;816bcad8f58a;2021-03-24
684;684;816bcad8f58a;2021-03-18
685;685;816bcad8f58a;2021-03-24
686;686;816bcad8f58a;2021-03-25
687;687;816bcad8f58a;2021-03-24
688;688;816bcad8f58a;2021-03-24
689;689;816bcad8f58a;2021-03-25
690;690;816bcad8f58a;2021-03-26
691;691;816bcad8f58a;2021-03-26
692;692;816bcad8f58a;2021-03-26
693;693;816bcad8f58a;2021-03-30
694;694;816bcad8f58a;2021-03-30
695;695;816bcad8f58a;2021-03-30
696;696;816bcad8f58a;2021-03-31
697;697;816bcad8f58a;2021-04-01
698;698;816bcad8f58a;2021-03-31
699;699;816bcad8f58a;2021-04-09
700;700;816bcad8f58a;2021-04-12
701;701;816bcad8f58a;2021-04-05
702;702;816bcad8f58a;2021-04-06
703;703;816bcad8f58a;2021-04-06
704;704;816bcad8f58a;2021-04-06
705;705;816bcad8f58a;2021-04-07
706;706;816bcad8f58a;2021-04-06
707;707;816bcad8f58a;2021-04-07
708;708;816bcad8f58a;2021-04-09
709;709;816bcad8f58a;2021-04-15
710;710;816bcad8f58a;2021-04-15
711;711;816bcad8f58a;2021-04-12
712;712;816bcad8f58a;2021-04-12
713;713;816bcad8f58a;2021-04-12
714;714;816bcad8f58a;2021-04-12
715;715;816bcad8f58a;2021-04-13
716;716;816bcad8f58a;2021-04-15
717;717;816bcad8f58a;2021-04-15
718;718;816bcad8f58a;2021-04-16
719;719;816bcad8f58a;2021-04-16
720;720;816bcad8f58a;2021-04-19
721;721;816bcad8f58a;2021-04-16
722;722;816bcad8f58a;2021-04-19
723;723;816bcad8f58a;2021-04-20
724;724;816bcad8f58a;2021-04-21
725;725;816bcad8f58a;2021-04-22
726;727;816bcad8f58a;2021-04-26
727;726;816bcad8f58a;2021-04-23
728;729;816bcad8f58a;2021-04-27
729;728;816bcad8f58a;2021-05-14
730;730;816bcad8f58a;2021-05-20
731;731;816bcad8f58a;2021-05-26
732;732;816bcad8f58a;2021-06-03
733;733;816bcad8f58a;2021-08-16
734;734;816bcad8f58a;2021-10-04
735;735;816bcad8f58a;2021-11-01
736;736;816bcad8f58a;2021-11-11
737;737;816bcad8f58a;2021-11-09
738;738;816bcad8f58a;2021-11-10
739;739;816bcad8f58a;2021-11-12
740;740;816bcad8f58a;2021-11-15
741;741;816bcad8f58a;2021-11-16
742;742;816bcad8f58a;2021-11-19
743;743;816bcad8f58a;2021-11-18
744;744;816bcad8f58a;2021-11-22
745;745;816bcad8f58a;2021-11-22
746;746;816bcad8f58a;2021-11-24
747;747;816bcad8f58a;2021-11-25
748;748;816bcad8f58a;2021-11-26
749;749;816bcad8f58a;2021-12-02
750;750;816bcad8f58a;2021-12-02
751;751;816bcad8f58a;2021-12-02
752;752;816bcad8f58a;2021-12-02
753;753;816bcad8f58a;2021-12-02
754;754;816bcad8f58a;2021-12-09
755;755;816bcad8f58a;2021-12-08
756;756;816bcad8f58a;2021-12-08
757;757;816bcad8f58a;2021-12-08
758;758;816bcad8f58a;2021-12-10
759;759;816bcad8f58a;2021-12-10
760;760;816bcad8f58a;2021-12-13
761;761;816bcad8f58a;2021-12-13
762;762;816bcad8f58a;2021-12-17
763;763;816bcad8f58a;2021-12-16
764;764;816bcad8f58a;2021-12-16
765;765;816bcad8f58a;2021-12-17
766;766;816bcad8f58a;2021-12-27
767;767;816bcad8f58a;2021-12-28
768;768;7dc5690ac04e;2022-01-11
769;769;816bcad8f58a;2022-01-13
770;770;816bcad8f58a;2022-01-14
771;771;816bcad8f58a;2022-01-20
772;772;816bcad8f58a;2022-01-24
773;774;816bcad8f58a;2022-01-25
774;773;816bcad8f58a;2022-01-26
775;775;816bcad8f58a;2022-02-04
776;776;816bcad8f58a;2022-01-27
777;777;816bcad8f58a;2022-02-04
778;778;816bcad8f58a;2022-02-09
779;779;816bcad8f58a;2022-02-03
780;780;816bcad8f58a;2022-02-07
781;781;816bcad8f58a;2022-02-04
782;782;816bcad8f58a;2022-02-04
783;783;816bcad8f58a;2022-02-07
784;784;816bcad8f58a;2022-02-04
785;785;816bcad8f58a;2022-02-18
786;786;816bcad8f58a;2022-02-28
787;787;816bcad8f58a;2022-02-09
788;788;816bcad8f58a;2022-02-08
789;789;816bcad8f58a;2022-03-01
790;790;816bcad8f58a;2022-02-11
791;791;816bcad8f58a;2022-02-11
792;792;816bcad8f58a;2022-02-20
793;793;816bcad8f58a;2022-02-15
794;794;816bcad8f58a;2022-02-14
795;795;816bcad8f58a;2022-02-21
796;796;816bcad8f58a;2022-03-18
797;797;816bcad8f58a;2022-02-28
798;798;816bcad8f58a;2022-02-28
799;799;816bcad8f58a;2022-02-28
800;800;816bcad8f58a;2022-03-01
801;801;816bcad8f58a;2022-03-02
802;802;816bcad8f58a;2022-03-03
803;803;816bcad8f58a;2022-03-04
804;804;816bcad8f58a;2022-03-11
805;805;816bcad8f58a;2022-03-03
806;806;816bcad8f58a;2022-03-11
807;807;816bcad8f58a;2022-03-11
808;808;816bcad8f58a;2022-03-14
809;809;816bcad8f58a;2022-03-29
810;810;816bcad8f58a;2022-03-15
811;811;816bcad8f58a;2022-03-22
812;812;816bcad8f58a;2022-03-21
813;813;816bcad8f58a;2022-03-22
814;814;816bcad8f58a;2022-03-25
815;815;816bcad8f58a;2022-03-25
816;816;816bcad8f58a;2022-03-28
817;817;816bcad8f58a;2022-03-28
818;818;816bcad8f58a;2022-04-06
819;819;816bcad8f58a;2022-04-05
820;820;816bcad8f58a;2022-04-06
821;821;816bcad8f58a;2022-04-06
822;822;816bcad8f58a;2022-04-07
823;823;816bcad8f58a;2022-04-08
824;824;816bcad8f58a;2022-04-12
825;825;816bcad8f58a;2022-04-14
826;826;816bcad8f58a;2022-04-21
827;827;816bcad8f58a;2022-04-19
828;828;816bcad8f58a;2022-04-20
829;829;7dc5690ac04e;2022-05-04
830;830;816bcad8f58a;2022-04-25
831;831;816bcad8f58a;2022-04-26
832;832;816bcad8f58a;2022-04-27
833;833;816bcad8f58a;2022-04-29
834;834;816bcad8f58a;2022-05-05
835;835;816bcad8f58a;2022-05-11
836;836;816bcad8f58a;2022-05-23
837;837;816bcad8f58a;2022-05-23
838;838;816bcad8f58a;2022-05-20
839;839;816bcad8f58a;2022-05-23
840;840;816bcad8f58a;2022-05-24
841;842;816bcad8f58a;2022-05-27
842;843;816bcad8f58a;2022-06-01
843;841;816bcad8f58a;2022-06-07
844;845;816bcad8f58a;2022-06-02
845;844;816bcad8f58a;2022-05-30
846;846;816bcad8f58a;2022-06-10
847;847;816bcad8f58a;2022-06-16
848;848;816bcad8f58a;2022-06-16
849;849;816bcad8f58a;2022-06-16
850;850;816bcad8f58a;2022-06-21
851;851;816bcad8f58a;2022-06-21
852;852;816bcad8f58a;2022-06-29
853;853;816bcad8f58a;2022-06-23
854;854;816bcad8f58a;2022-06-28
855;855;816bcad8f58a;2022-07-01
856;856;816bcad8f58a;2022-07-01
857;857;816bcad8f58a;2022-07-01
858;858;816bcad8f58a;2022-07-04
859;859;816bcad8f58a;2022-07-04
860;860;816bcad8f58a;2022-07-05
861;861;816bcad8f58a;2022-07-05
862;862;816bcad8f58a;2022-07-06
863;863;816bcad8f58a;2022-07-06
864;864;816bcad8f58a;2022-07-08
865;865;816bcad8f58a;2022-07-07
866;866;816bcad8f58a;2022-07-12
867;867;816bcad8f58a;2022-07-18
868;868;816bcad8f58a;2022-07-21
869;869;816bcad8f58a;2022-07-21
870;870;816bcad8f58a;2022-07-21
871;871;816bcad8f58a;2022-07-25
872;872;816bcad8f58a;2022-07-27
873;873;816bcad8f58a;2022-08-03
874;874;816bcad8f58a;2022-07-28
875;875;816bcad8f58a;2022-08-02
876;876;816bcad8f58a;2022-08-24
877;877;816bcad8f58a;2022-08-09
878;878;816bcad8f58a;2022-08-17
879;879;816bcad8f58a;2022-08-17
880;880;816bcad8f58a;2022-08-19
881;881;816bcad8f58a;2022-08-19
882;882;816bcad8f58a;2022-08-19
883;883;816bcad8f58a;2022-08-28
884;884;816bcad8f58a;2022-08-30
885;885;816bcad8f58a;2022-09-05
886;886;816bcad8f58a;2022-09-01
887;887;816bcad8f58a;2022-09-01
888;888;816bcad8f58a;2022-09-12
889;889;816bcad8f58a;2022-09-08
890;890;816bcad8f58a;2022-09-09
891;891;816bcad8f58a;2022-09-12
892;892;816bcad8f58a;2022-09-14
893;893;816bcad8f58a;2022-09-14
894;894;816bcad8f58a;2022-09-15
895;895;816bcad8f58a;2022-09-13
896;896;816bcad8f58a;2022-09-21
897;897;816bcad8f58a;2022-09-23
898;898;816bcad8f58a;2022-09-23
899;899;816bcad8f58a;2022-09-24
900;900;816bcad8f58a;2022-09-29
901;901;816bcad8f58a;2022-10-03
902;902;816bcad8f58a;2022-10-04
903;903;816bcad8f58a;2022-10-07
904;904;816bcad8f58a;2022-10-14
905;905;816bcad8f58a;2022-10-20
906;906;816bcad8f58a;2022-10-25
907;907;816bcad8f58a;2022-10-27
908;908;816bcad8f58a;2022-11-14
909;909;816bcad8f58a;2022-11-07
910;910;816bcad8f58a;2022-10-31
911;911;85e67c5b07c5;2023-06-06
912;912;85e67c5b07c5;2023-06-02
913;913;85e67c5b07c5;2023-06-08
914;914;85e67c5b07c5;2023-05-30
915;915;85e67c5b07c5;2023-06-09
916;916;85e67c5b07c5;2023-06-14
917;917;85e67c5b07c5;2023-06-06
918;918;85e67c5b07c5;2023-06-09
919;919;85e67c5b07c5;2023-06-14
920;920;85e67c5b07c5;2023-06-17
921;921;85e67c5b07c5;2023-06-13
922;922;85e67c5b07c5;2023-06-13
923;923;85e67c5b07c5;2023-06-14
924;924;85e67c5b07c5;2023-06-13
925;925;85e67c5b07c5;2023-06-13
926;926;85e67c5b07c5;2023-06-14
927;927;85e67c5b07c5;2023-06-16
928;928;85e67c5b07c5;2023-06-19
929;929;85e67c5b07c5;2023-06-14
930;930;85e67c5b07c5;2023-06-14
931;931;85e67c5b07c5;2023-06-16
932;932;85e67c5b07c5;2023-06-15
933;933;85e67c5b07c5;2023-06-15
934;934;85e67c5b07c5;2023-06-15
935;935;85e67c5b07c5;2023-06-15
936;936;85e67c5b07c5;2023-06-15
937;937;85e67c5b07c5;2023-06-16
938;938;85e67c5b07c5;2023-06-16
939;939;85e67c5b07c5;2023-06-16
940;940;85e67c5b07c5;2023-06-19
941;941;85e67c5b07c5;2023-08-03
942;942;85e67c5b07c5;2023-08-07
943;943;85e67c5b07c5;2023-08-15
944;944;85e67c5b07c5;2023-08-15
945;945;85e67c5b07c5;2023-08-15
946;946;85e67c5b07c5;2023-08-17
947;947;85e67c5b07c5;2023-08-21
948;948;85e67c5b07c5;2023-08-18
949;949;85e67c5b07c5;2023-08-21
950;950;85e67c5b07c5;2023-08-22
951;951;85e67c5b07c5;2023-08-22
952;952;85e67c5b07c5;2023-08-25
953;953;85e67c5b07c5;2023-08-24
954;954;85e67c5b07c5;2023-08-23
955;955;85e67c5b07c5;2023-08-23
956;957;85e67c5b07c5;2023-08-24
957;956;85e67c5b07c5;2023-08-24
958;958;85e67c5b07c5;2023-08-24
959;959;85e67c5b07c5;2023-08-24
960;960;85e67c5b07c5;2023-08-24
961;961;85e67c5b07c5;2023-08-24
962;962;85e67c5b07c5;2023-08-29
963;963;85e67c5b07c5;2023-08-25
964;964;85e67c5b07c5;2023-08-18
965;965;85e67c5b07c5;2023-08-28
966;966;85e67c5b07c5;2023-08-29
967;967;85e67c5b07c5;2023-08-28
968;968;85e67c5b07c5;2023-08-29
969;969;85e67c5b07c5;2023-08-29
970;970;85e67c5b07c5;2023-08-29
971;971;85e67c5b07c5;2023-08-28
972;972;85e67c5b07c5;2023-08-29
973;973;85e67c5b07c5;2023-08-29
974;974;85e67c5b07c5;2023-08-30
975;975;85e67c5b07c5;2023-08-30
976;976;85e67c5b07c5;2023-08-31
977;977;85e67c5b07c5;2023-08-30
978;978;85e67c5b07c5;2023-08-30
979;979;85e67c5b07c5;2023-08-31
980;980;85e67c5b07c5;2023-08-31
981;981;85e67c5b07c5;2023-08-31
982;982;85e67c5b07c5;2023-09-01
983;983;85e67c5b07c5;2023-09-04
984;984;85e67c5b07c5;2023-09-01
985;985;85e67c5b07c5;2023-10-02
986;986;85e67c5b07c5;2023-09-02
987;987;85e67c5b07c5;2023-09-04
988;988;85e67c5b07c5;2023-09-05
989;989;85e67c5b07c5;2023-09-05
990;990;85e67c5b07c5;2023-09-05
991;991;85e67c5b07c5;2023-09-06
992;992;85e67c5b07c5;2023-09-05
993;993;85e67c5b07c5;2023-09-06
994;994;85e67c5b07c5;2023-09-07
995;995;85e67c5b07c5;2023-09-06
996;996;85e67c5b07c5;2023-09-05
997;997;85e67c5b07c5;2023-09-06
998;998;85e67c5b07c5;2023-09-07
999;999;85e67c5b07c5;2023-09-11
1000;1000;85e67c5b07c5;2023-09-08
1001;1001;85e67c5b07c5;2023-09-12
1002;1002;85e67c5b07c5;2023-09-13
1003;1003;85e67c5b07c5;2023-09-13
1004;1004;85e67c5b07c5;2023-09-14
1005;1005;85e67c5b07c5;2023-09-12
1006;1006;85e67c5b07c5;2023-09-15
1007;1007;85e67c5b07c5;2023-09-12
1008;1008;85e67c5b07c5;2023-09-19
1009;1009;85e67c5b07c5;2023-09-13
1010;1010;85e67c5b07c5;2023-09-13
1011;1011;85e67c5b07c5;2023-09-12
1012;1012;85e67c5b07c5;2023-09-14
1013;1013;85e67c5b07c5;2023-09-19
1014;1014;85e67c5b07c5;2023-09-18
1015;1015;85e67c5b07c5;2023-09-14
1016;1016;85e67c5b07c5;2023-09-21
1017;1017;85e67c5b07c5;2023-09-25
1018;1018;85e67c5b07c5;2023-09-22
1019;1019;85e67c5b07c5;2023-09-22
1020;1020;85e67c5b07c5;2023-09-25
1021;1021;85e67c5b07c5;2023-09-26
1022;1022;85e67c5b07c5;2023-10-02
1023;1023;85e67c5b07c5;2023-09-26
1024;1024;85e67c5b07c5;2023-10-10
1025;1025;85e67c5b07c5;2023-09-28
1026;1026;85e67c5b07c5;2023-09-28
1027;1027;85e67c5b07c5;2023-09-29
1028;1028;85e67c5b07c5;2023-09-28
1029;1029;85e67c5b07c5;2023-09-29
1030;1030;85e67c5b07c5;2023-09-29
1031;1031;85e67c5b07c5;2023-09-29
1032;1032;85e67c5b07c5;2023-09-30
1033;1033;85e67c5b07c5;2023-10-04
1034;1034;85e67c5b07c5;2023-10-02
1035;1035;85e67c5b07c5;2023-10-02
1036;1036;85e67c5b07c5;2023-10-04
1037;1037;85e67c5b07c5;2023-10-09
1038;1038;85e67c5b07c5;2023-10-03
1039;1039;85e67c5b07c5;2023-10-03
1040;1040;85e67c5b07c5;2023-10-04
1041;1041;85e67c5b07c5;2023-10-10
1042;1042;85e67c5b07c5;2023-10-05
1043;1043;85e67c5b07c5;2023-10-18
1044;1044;85e67c5b07c5;2023-10-04
1045;1045;85e67c5b07c5;2023-10-04
1046;1046;85e67c5b07c5;2023-10-05
1047;1047;bd8fef16b460;2023-10-05
1048;1048;85e67c5b07c5;2023-10-08
1049;1049;85e67c5b07c5;2023-10-06
1050;1050;bd8fef16b460;2023-10-06
1051;1051;85e67c5b07c5;2023-10-06
1052;1052;bd8fef16b460;2023-10-06
1053;1053;bd8fef16b460;2023-10-06
1054;1054;bd8fef16b460;2023-10-09
1055;1055;85e67c5b07c5;2023-10-09
1056;1056;bd8fef16b460;2023-10-09
1057;1057;bd8fef16b460;2023-10-10
1058;1058;bd8fef16b460;2023-10-09
1059;1059;bd8fef16b460;2023-10-10
1060;1060;85e67c5b07c5;2023-10-10
1061;1061;bd8fef16b460;2023-10-10
1062;1062;bd8fef16b460;2023-10-10
1063;1064;bd8fef16b460;2023-10-16
1064;1065;bd8fef16b460;2023-09-28
1065;1066;bd8fef16b460;2023-10-16
1066;1067;bd8fef16b460;2023-10-06
1067;1068;bd8fef16b460;2023-10-06
1068;1070;bd8fef16b460;2023-10-11
1069;1071;bd8fef16b460;2023-10-11
1070;1072;bd8fef16b460;2023-10-11
1071;1073;bd8fef16b460;2023-10-11
1072;1074;bd8fef16b460;2023-10-11
1073;1075;bd8fef16b460;2023-10-13
1074;1076;85e67c5b07c5;2023-10-12
1075;1077;85e67c5b07c5;2023-10-12
1076;1078;bd8fef16b460;2023-10-12
1077;1079;85e67c5b07c5;2023-10-12
1078;1080;bd8fef16b460;2023-10-16
1079;1081;bd8fef16b460;2023-10-03
1080;1082;bd8fef16b460;2023-10-12
1081;1083;85e67c5b07c5;2023-10-13
1082;1084;bd8fef16b460;2023-10-13
1083;1085;bd8fef16b460;2023-10-13
1084;1086;85e67c5b07c5;2023-10-18
1085;1063;bd8fef16b460;2023-10-22
1086;1087;bd8fef16b460;2023-10-13
1087;1088;bd8fef16b460;2023-10-16
1088;1069;bd8fef16b460;2023-10-13
1089;1089;bd8fef16b460;2023-10-27
1090;1090;bd8fef16b460;2023-10-15
1091;1091;bd8fef16b460;2023-10-16
1092;1092;bd8fef16b460;2023-10-16
1093;1093;bd8fef16b460;2023-10-16
1094;1094;bd8fef16b460;2023-10-18
1095;1095;bd8fef16b460;2023-10-16
1096;1098;bd8fef16b460;2023-10-17
1097;1099;bd8fef16b460;2023-10-17
1098;1100;bd8fef16b460;2023-10-17
1099;1101;bd8fef16b460;2023-10-18
1100;1102;bd8fef16b460;2023-10-17
1101;1103;bd8fef16b460;2023-10-17
1102;1104;bd8fef16b460;2023-10-17
1103;1096;bd8fef16b460;2023-10-17
1104;1105;bd8fef16b460;2023-10-17
1105;1106;bd8fef16b460;2023-10-20
1106;1107;bd8fef16b460;2023-10-17
1107;1108;bd8fef16b460;2023-10-25
1108;1109;bd8fef16b460;2023-10-17
1109;1110;bd8fef16b460;2023-10-17
1110;1097;bd8fef16b460;2023-10-17
1111;1111;bd8fef16b460;2023-10-18
1112;1112;bd8fef16b460;2023-10-19
1113;1113;bd8fef16b460;2023-10-13
1114;1114;bd8fef16b460;2023-10-18
1115;1115;bd8fef16b460;2023-10-19
1116;1116;bd8fef16b460;2023-10-19
1117;1117;bd8fef16b460;2023-10-19
1118;1118;bd8fef16b460;2023-10-19
1119;1119;bd8fef16b460;2023-10-19
1120;1120;bd8fef16b460;2023-10-20
1121;1121;bd8fef16b460;2023-10-23
1122;1122;bd8fef16b460;2023-10-23
1123;1123;bd8fef16b460;2023-10-20
1124;1124;bd8fef16b460;2023-10-24
1125;1127;bd8fef16b460;2023-10-20
1126;1128;bd8fef16b460;2023-10-23
1127;1129;bd8fef16b460;2023-10-30
1128;1126;bd8fef16b460;2023-10-19
1129;1130;bd8fef16b460;2023-10-30
1130;1131;bd8fef16b460;2023-10-23
1131;1132;bd8fef16b460;2023-10-24
1132;1133;bd8fef16b460;2023-10-17
1133;1134;bd8fef16b460;2023-10-24
1134;1135;bd8fef16b460;2023-10-24
1135;1136;bd8fef16b460;2023-10-24
1136;1137;bd8fef16b460;2023-10-24
1137;1138;bd8fef16b460;2023-10-22
1138;1139;bd8fef16b460;2023-10-25
1139;1140;bd8fef16b460;2023-10-24
1140;1125;bd8fef16b460;2023-10-23
1141;1141;bd8fef16b460;2023-10-31
1142;1142;bd8fef16b460;2023-10-25
1143;1143;bd8fef16b460;2023-10-25
1144;1144;bd8fef16b460;2023-10-30
1145;1145;bd8fef16b460;2023-10-31
1146;1146;bd8fef16b460;2023-10-25
1147;1147;bd8fef16b460;2023-10-26
1148;1148;bd8fef16b460;2023-10-25
1149;1149;bd8fef16b460;2023-10-26
1150;1150;bd8fef16b460;2023-10-26
1151;1151;bd8fef16b460;2023-10-26
1152;1152;bd8fef16b460;2023-10-31
1153;1153;bd8fef16b460;2023-10-26
1154;1154;bd8fef16b460;2023-10-26
1155;1155;bd8fef16b460;2023-10-26
1156;1156;bd8fef16b460;2023-10-27
1157;1157;bd8fef16b460;2023-10-27
1158;1158;bd8fef16b460;2023-10-30
1159;1160;bd8fef16b460;2023-10-26
1160;1161;bd8fef16b460;2023-10-27
1161;1162;bd8fef16b460;2023-11-07
1162;1163;bd8fef16b460;2023-10-27
1163;1164;bd8fef16b460;2023-10-27
1164;1165;bd8fef16b460;2023-10-27
1165;1166;bd8fef16b460;2023-10-27
1166;1168;85e67c5b07c5;2023-10-27
1167;1169;bd8fef16b460;2023-10-30
1168;1170;bd8fef16b460;2023-10-30
1169;1171;bd8fef16b460;2023-10-30
1170;1172;bd8fef16b460;2023-11-13
1171;1173;bd8fef16b460;2023-10-30
1172;1174;bd8fef16b460;2023-10-30
1173;1176;bd8fef16b460;2023-10-30
1174;1177;bd8fef16b460;2023-10-31
1175;1178;bd8fef16b460;2023-10-30
1176;1179;bd8fef16b460;2023-11-07
1177;1159;bd8fef16b460;2023-11-01
1178;1180;bd8fef16b460;2023-11-01
1179;1181;bd8fef16b460;2023-11-07
1180;1182;bd8fef16b460;2023-11-01
1181;1183;bd8fef16b460;2023-11-01
1182;1184;bd8fef16b460;2023-10-31
1183;1175;bd8fef16b460;2023-10-31
1184;1185;bd8fef16b460;2023-11-01
1185;1186;bd8fef16b460;2023-11-01
1186;1187;bd8fef16b460;2023-11-02
1187;1188;bd8fef16b460;2023-11-01
1188;1189;bd8fef16b460;2023-11-01
1189;1167;bd8fef16b460;2023-11-01
1190;1190;bd8fef16b460;2023-11-02
1191;1191;bd8fef16b460;2023-11-01
1192;1192;bd8fef16b460;2023-11-06
1193;1193;bd8fef16b460;2023-11-03
1194;1194;bd8fef16b460;2023-11-02
1195;1195;bd8fef16b460;2023-11-03
1196;1196;bd8fef16b460;2023-11-03
1197;1197;bd8fef16b460;2023-11-02
1198;1198;bd8fef16b460;2023-11-02
1199;1199;bd8fef16b460;2023-11-03
1200;1200;bd8fef16b460;2023-11-03
1201;1201;bd8fef16b460;2023-11-13
1202;1202;bd8fef16b460;2023-11-03
1203;1203;bd8fef16b460;2023-11-07
1204;1204;bd8fef16b460;2023-11-03
1205;1205;bd8fef16b460;2023-11-03
1206;1206;bd8fef16b460;2023-11-06
1207;1207;bd8fef16b460;2023-11-03
1208;1208;bd8fef16b460;2023-11-06
1209;1209;bd8fef16b460;2023-11-09
1210;1210;bd8fef16b460;2023-11-04
1211;1212;bd8fef16b460;2023-11-06
1212;1213;bd8fef16b460;2023-11-07
1213;1214;bd8fef16b460;2023-11-07
1214;1216;bd8fef16b460;2023-11-07
1215;1217;bd8fef16b460;2023-11-07
1216;1218;bd8fef16b460;2023-11-07
1217;1219;bd8fef16b460;2023-11-07
1218;1220;bd8fef16b460;2023-11-10
1219;1221;bd8fef16b460;2023-11-07
1220;1222;85e67c5b07c5;2023-11-07
1221;1223;bd8fef16b460;2023-11-07
1222;1224;bd8fef16b460;2023-11-07
1223;1225;bd8fef16b460;2023-11-08
1224;1226;bd8fef16b460;2023-11-08
1225;1227;bd8fef16b460;2023-11-13
1226;1228;bd8fef16b460;2023-11-09
1227;1211;bd8fef16b460;2023-11-08
1228;1229;bd8fef16b460;2023-11-09
1229;1230;bd8fef16b460;2023-11-09
1230;1231;bd8fef16b460;2023-11-09
1231;1232;bd8fef16b460;2023-11-13
1232;1233;bd8fef16b460;2023-11-09
1233;1234;bd8fef16b460;2023-11-10
1234;1235;bd8fef16b460;2023-11-09
1235;1236;bd8fef16b460;2023-11-09
1236;1237;bd8fef16b460;2023-11-14
1237;1238;bd8fef16b460;2023-11-14
1238;1215;bd8fef16b460;2023-11-10
1239;1239;bd8fef16b460;2023-11-10
1240;1240;bd8fef16b460;2023-11-13
1241;1241;bd8fef16b460;2023-11-11
1242;1242;bd8fef16b460;2023-11-14
1243;1243;bd8fef16b460;2023-11-13
1244;1244;bd8fef16b460;2023-11-13
1245;1245;bd8fef16b460;2023-11-14
1246;1246;bd8fef16b460;2023-11-16
1247;1247;bd8fef16b460;2023-11-13
1248;1248;bd8fef16b460;2023-11-14
1249;1249;bd8fef16b460;2023-11-13
1250;1250;bd8fef16b460;2023-11-14
1251;1251;bd8fef16b460;2023-11-14
1252;1252;bd8fef16b460;2023-11-14
1253;1253;bd8fef16b460;2023-11-14
1254;1254;bd8fef16b460;2023-11-14
1255;1255;bd8fef16b460;2023-11-14
1256;1256;bd8fef16b460;2023-11-14
1257;1257;bd8fef16b460;2023-11-14
1258;1258;bd8fef16b460;2023-11-14
1259;1259;bd8fef16b460;2023-11-15
1260;1260;bd8fef16b460;2023-11-15
1261;1261;bd8fef16b460;2023-11-15
1262;1262;bd8fef16b460;2023-11-15
1263;1263;bd8fef16b460;2023-11-15
1264;1264;bd8fef16b460;2023-11-16
1265;1265;bd8fef16b460;2023-11-24
1266;1266;bd8fef16b460;2023-11-15
1267;1267;bd8fef16b460;2023-11-16
1268;1268;bd8fef16b460;2023-11-15
1269;1269;bd8fef16b460;2023-11-21
1270;1270;bd8fef16b460;2023-11-16
1271;1271;bd8fef16b460;2023-11-16
1272;1272;bd8fef16b460;2023-11-16
1273;1273;bd8fef16b460;2023-11-20
1274;1274;bd8fef16b460;2023-11-20
1275;1275;bd8fef16b460;2023-12-06
1276;1276;bd8fef16b460;2023-11-17
1277;1277;bd8fef16b460;2023-11-20
1278;1278;bd8fef16b460;2023-11-21
1279;1279;bd8fef16b460;2023-10-12
1280;1280;bd8fef16b460;2023-11-17
1281;1281;bd8fef16b460;2023-11-17
1282;1282;bd8fef16b460;2023-11-20
1283;1283;bd8fef16b460;2023-11-20
1284;1284;bd8fef16b460;2023-11-20
1285;1285;bd8fef16b460;2023-11-21
1286;1286;bd8fef16b460;2023-11-22
1287;1287;bd8fef16b460;2023-11-21
1288;1288;85e67c5b07c5;2023-11-22
1289;1289;bd8fef16b460;2023-11-21
1290;1290;bd8fef16b460;2023-11-21
1291;1291;bd8fef16b460;2023-11-23
1292;1292;bd8fef16b460;2023-12-07
1293;1293;bd8fef16b460;2023-11-21
1294;1294;bd8fef16b460;2023-11-23
1295;1295;bd8fef16b460;2023-11-23
1296;1296;bd8fef16b460;2023-11-22
1297;1297;bd8fef16b460;2023-11-22
1298;1298;bd8fef16b460;2023-11-22
1299;1299;bd8fef16b460;2023-11-22
1300;1300;bd8fef16b460;2023-11-22
1301;1301;bd8fef16b460;2023-11-23
1302;1302;bd8fef16b460;2023-11-22
1303;1303;bd8fef16b460;2023-11-23
1304;1304;bd8fef16b460;2023-11-22
1305;1305;bd8fef16b460;2023-11-29
1306;1306;bd8fef16b460;2023-11-23
1307;1307;bd8fef16b460;2023-11-23
1308;1308;bd8fef16b460;2023-11-23
1309;1309;bd8fef16b460;2023-11-23
1310;1310;bd8fef16b460;2023-11-23
1311;1312;bd8fef16b460;2023-11-23
1312;1311;bd8fef16b460;2023-11-27
1313;1313;bd8fef16b460;2023-11-23
1314;1314;bd8fef16b460;2023-11-24
1315;1315;bd8fef16b460;2023-12-04
1316;1316;bd8fef16b460;2023-11-23
1317;1317;bd8fef16b460;2023-11-27
1318;1318;bd8fef16b460;2023-11-29
1319;1319;bd8fef16b460;2023-11-30
1320;1321;bd8fef16b460;2023-11-24
1321;1320;bd8fef16b460;2023-11-24
1322;1322;bd8fef16b460;2023-11-24
1323;1323;bd8fef16b460;2023-11-24
1324;1324;bd8fef16b460;2023-11-24
1325;1325;bd8fef16b460;2023-11-24
1326;1326;bd8fef16b460;2023-11-27
1327;1327;bd8fef16b460;2023-11-27
1328;1328;bd8fef16b460;2023-11-27
1329;1329;bd8fef16b460;2023-11-28
1330;1330;bd8fef16b460;2023-11-29
1331;1331;bd8fef16b460;2023-12-03
1332;1332;bd8fef16b460;2023-11-27
1333;1333;bd8fef16b460;2023-11-28
1334;1334;bd8fef16b460;2023-11-28
1335;1335;bd8fef16b460;2023-11-28
1336;1336;bd8fef16b460;2023-11-28
1337;1337;bd8fef16b460;2023-11-30
1338;1338;bd8fef16b460;2023-11-28
1339;1340;bd8fef16b460;2023-11-28
1340;1341;bd8fef16b460;2023-12-05
1341;1342;bd8fef16b460;2023-11-29
1342;1343;bd8fef16b460;2023-11-30
1343;1344;bd8fef16b460;2023-12-01
1344;1345;bd8fef16b460;2023-11-29
1345;1346;bd8fef16b460;2023-11-30
1346;1347;bd8fef16b460;2023-11-30
1347;1348;bd8fef16b460;2023-11-30
1348;1349;bd8fef16b460;2023-11-30
1349;1350;bd8fef16b460;2023-12-01
1350;1351;bd8fef16b460;2023-12-08
1351;1352;bd8fef16b460;2023-12-05
1352;1353;85e67c5b07c5;2023-12-05
1353;1354;bd8fef16b460;2023-12-01
1354;1355;bd8fef16b460;2023-12-05
1355;1356;bd8fef16b460;2023-12-01
1356;1357;bd8fef16b460;2023-12-05
1357;1358;bd8fef16b460;2023-12-12
1358;1359;bd8fef16b460;2023-12-12
1359;1360;bd8fef16b460;2023-12-01
1360;1361;bd8fef16b460;2023-12-04
1361;1362;bd8fef16b460;2023-12-08
1362;1363;bd8fef16b460;2023-12-04
1363;1364;bd8fef16b460;2023-12-05
1364;1365;bd8fef16b460;2023-12-04
1365;1366;bd8fef16b460;2023-12-04
1366;1367;bd8fef16b460;2023-12-02
1367;1368;bd8fef16b460;2023-12-05
1368;1369;bd8fef16b460;2023-12-03
1369;1370;bd8fef16b460;2023-12-20
1370;1371;bd8fef16b460;2023-12-03
1371;1372;bd8fef16b460;2023-12-12
1372;1373;bd8fef16b460;2023-12-04
1373;1374;bd8fef16b460;2023-12-04
1374;1375;bd8fef16b460;2023-12-04
1375;1376;bd8fef16b460;2023-12-05
1376;1377;bd8fef16b460;2023-12-07
1377;1378;bd8fef16b460;2023-12-05
1378;1379;bd8fef16b460;2023-12-07
1379;1380;bd8fef16b460;2023-12-05
1380;1381;bd8fef16b460;2023-12-06
1381;1339;bd8fef16b460;2023-11-28
1382;1382;bd8fef16b460;2023-12-05
1383;1383;bd8fef16b460;2023-12-06
1384;1384;bd8fef16b460;2023-12-05
1385;1385;bd8fef16b460;2023-12-05
1386;1386;bd8fef16b460;2023-12-05
1387;1387;bd8fef16b460;2023-12-07
1388;1388;bd8fef16b460;2023-12-08
1389;1389;bd8fef16b460;2023-12-06
1390;1390;bd8fef16b460;2023-12-12
1391;1391;bd8fef16b460;2023-12-06
1392;1392;bd8fef16b460;2023-12-06
1393;1393;bd8fef16b460;2023-12-06
1394;1394;bd8fef16b460;2023-12-08
1395;1395;bd8fef16b460;2023-12-06
1396;1396;bd8fef16b460;2023-12-07
1397;1397;bd8fef16b460;2023-12-22
1398;1398;bd8fef16b460;2023-12-07
1399;1399;bd8fef16b460;2023-12-12
1400;1400;bd8fef16b460;2023-12-07
1401;1401;bd8fef16b460;2023-12-07
1402;1402;bd8fef16b460;2023-12-11
1403;1403;bd8fef16b460;2023-12-08
1404;1404;85e67c5b07c5;2023-12-05
1405;1404;bd8fef16b460;2023-12-05
1406;1405;bd8fef16b460;2023-12-08
1407;1406;bd8fef16b460;2023-12-08
1408;1407;bd8fef16b460;2023-12-08
1409;1408;bd8fef16b460;2023-12-11
1410;1409;bd8fef16b460;2023-12-09
1411;1410;bd8fef16b460;2023-12-13
1412;1411;bd8fef16b460;2023-12-11
1413;1412;bd8fef16b460;2023-12-11
1414;1413;bd8fef16b460;2023-12-11
1415;1414;bd8fef16b460;2023-12-12
1416;1415;bd8fef16b460;2023-12-12
1417;1416;bd8fef16b460;2023-12-11
1418;1417;bd8fef16b460;2023-12-12
1419;1418;bd8fef16b460;2023-12-11
1420;1419;bd8fef16b460;2023-12-11
1421;1420;bd8fef16b460;2023-12-13
1422;1421;bd8fef16b460;2023-12-12
1423;1422;bd8fef16b460;2023-12-12
1424;1423;bd8fef16b460;2023-12-13
1425;1424;bd8fef16b460;2023-12-12
1426;1425;bd8fef16b460;2023-12-12
1427;1426;bd8fef16b460;2023-12-12
1428;1427;bd8fef16b460;2023-12-12
1429;1428;bd8fef16b460;2023-12-14
1430;1429;bd8fef16b460;2023-12-14
1431;1430;bd8fef16b460;2023-12-14
1432;1431;bd8fef16b460;2023-12-13
1433;1432;bd8fef16b460;2023-12-13
1434;1433;bd8fef16b460;2023-12-13
1435;1434;bd8fef16b460;2023-12-13
1436;1435;bd8fef16b460;2023-12-14
1437;1436;bd8fef16b460;2023-12-14
1438;1437;bd8fef16b460;2023-12-26
1439;1438;bd8fef16b460;2023-12-15
1440;1439;bd8fef16b460;2023-12-24
1441;1440;bd8fef16b460;2023-12-20
1442;1441;bd8fef16b460;2023-12-15
1443;1442;bd8fef16b460;2023-12-15
1444;1443;bd8fef16b460;2023-12-14
1445;1444;bd8fef16b460;2023-12-14
1446;1445;bd8fef16b460;2023-12-18
1447;1446;bd8fef16b460;2023-12-15
1448;1447;bd8fef16b460;2023-12-18
1449;1449;bd8fef16b460;2023-12-15
1450;1448;bd8fef16b460;2023-12-15
1451;1450;bd8fef16b460;2023-12-17
1452;1451;bd8fef16b460;2023-12-18
1453;1452;bd8fef16b460;2023-12-18
1454;1453;bd8fef16b460;2023-12-20
1455;1454;bd8fef16b460;2023-12-18
1456;1455;bd8fef16b460;2023-12-19
1457;1456;bd8fef16b460;2023-12-25
1458;1457;bd8fef16b460;2023-12-19
1459;1458;bd8fef16b460;2023-12-19
1460;1459;bd8fef16b460;2023-12-25
1461;1460;bd8fef16b460;2023-12-19
1462;1461;bd8fef16b460;2023-12-19
1463;1462;bd8fef16b460;2023-12-20
1464;1463;bd8fef16b460;2024-01-09
1465;1464;bd8fef16b460;2023-12-21
1466;1465;bd8fef16b460;2023-12-20
1467;1466;bd8fef16b460;2023-12-21
1468;1467;bd8fef16b460;2023-12-22
1469;1468;bd8fef16b460;2023-12-22
1470;1469;bd8fef16b460;2023-08-30
1471;1470;bd8fef16b460;2023-12-21
1472;1471;bd8fef16b460;2023-12-21
1473;1472;bd8fef16b460;2023-12-27
1474;1473;bd8fef16b460;2023-12-22
1475;1474;bd8fef16b460;2023-12-22
1476;1475;bd8fef16b460;2023-12-25
1477;1476;bd8fef16b460;2023-12-25
1478;1477;bd8fef16b460;2023-12-25
1479;1478;bd8fef16b460;2023-12-23
1480;1479;bd8fef16b460;2023-12-25
1481;1480;bd8fef16b460;2023-12-25
1482;1481;bd8fef16b460;2023-12-25
1483;1482;bd8fef16b460;2023-12-26
1484;1483;bd8fef16b460;2023-12-26
1485;1484;bd8fef16b460;2023-12-27
1486;1485;bd8fef16b460;2023-12-29
1487;1486;bd8fef16b460;2023-12-29
1488;1487;bd8fef16b460;2023-12-27
1489;1488;bd8fef16b460;2024-01-05
1490;1489;bd8fef16b460;2023-12-28
1491;1490;bd8fef16b460;2023-12-29
1492;1491;bd8fef16b460;2023-12-29
1493;1492;bd8fef16b460;2023-12-30
1494;1493;bd8fef16b460;2023-12-30
1495;1494;bd8fef16b460;2023-12-29
1496;1495;bd8fef16b460;2024-01-10
1497;1496;bd8fef16b460;2024-01-09
1498;1497;bd8fef16b460;2024-01-10
1499;1498;bd8fef16b460;2024-01-10
1500;1499;bd8fef16b460;2024-01-09
1501;1500;bd8fef16b460;2024-01-10
1502;1501;bd8fef16b460;2024-01-10
1503;1502;bd8fef16b460;2024-01-11
1504;1503;bd8fef16b460;2024-01-10
1505;1504;bd8fef16b460;2024-01-16
1506;1505;bd8fef16b460;2024-01-18
1507;1506;bd8fef16b460;2024-01-12
1508;1507;bd8fef16b460;2024-01-11
1509;1508;bd8fef16b460;2024-01-10
1510;1509;bd8fef16b460;2024-01-10
1511;1510;bd8fef16b460;2024-01-11
1512;1511;bd8fef16b460;2024-01-10
1513;1512;bd8fef16b460;2024-01-11
1514;1513;bd8fef16b460;2024-01-12
1515;1514;bd8fef16b460;2024-01-17
1516;1515;bd8fef16b460;2024-01-15
1517;1516;bd8fef16b460;2024-01-12
1518;1517;bd8fef16b460;2024-01-16
1519;1518;bd8fef16b460;2024-01-12
1520;1519;bd8fef16b460;2024-01-15
1521;1520;bd8fef16b460;2024-01-14
1522;1521;bd8fef16b460;2024-01-16
1523;1522;bd8fef16b460;2024-01-15
1524;1523;bd8fef16b460;2024-01-15
1525;1524;bd8fef16b460;2024-01-17
1526;1525;bd8fef16b460;2024-01-16
1527;1526;bd8fef16b460;2024-01-19
1528;1527;bd8fef16b460;2024-01-16
1529;1529;bd8fef16b460;2024-01-16
1530;1530;bd8fef16b460;2024-01-16
1531;1531;bd8fef16b460;2024-01-16
1532;1532;bd8fef16b460;2024-01-16
1533;1533;bd8fef16b460;2024-01-18
1534;1534;bd8fef16b460;2024-01-18
1535;1535;bd8fef16b460;2024-01-23
1536;1536;bd8fef16b460;2024-01-19
1537;1537;bd8fef16b460;2024-01-18
1538;1538;bd8fef16b460;2024-01-18
1539;1539;bd8fef16b460;2024-01-18
1540;1540;bd8fef16b460;2024-01-17
1541;1541;bd8fef16b460;2024-01-18
1542;1542;bd8fef16b460;2024-01-17
1543;1543;bd8fef16b460;2024-01-19
1544;1544;bd8fef16b460;2024-01-18
1545;1545;bd8fef16b460;2024-01-17
1546;1546;bd8fef16b460;2024-01-17
1547;1547;bd8fef16b460;2024-01-29
1548;1548;bd8fef16b460;2024-01-19
1549;1549;bd8fef16b460;2024-01-18
1550;1551;bd8fef16b460;2024-01-18
1551;1552;bd8fef16b460;2024-01-22
1552;1553;bd8fef16b460;2024-01-19
1553;1528;bd8fef16b460;2024-01-19
1554;1554;bd8fef16b460;2024-01-19
1555;1555;bd8fef16b460;2024-01-19
1556;1556;bd8fef16b460;2024-01-22
1557;1558;bd8fef16b460;2024-01-23
1558;1559;bd8fef16b460;2024-01-22
1559;1560;bd8fef16b460;2024-01-23
1560;1561;bd8fef16b460;2024-01-29
1561;1562;bd8fef16b460;2024-01-22
1562;1563;bd8fef16b460;2024-01-23
1563;1564;bd8fef16b460;2024-01-25
1564;1565;bd8fef16b460;2024-01-25
1565;1557;bd8fef16b460;2024-01-24
1566;1566;bd8fef16b460;2024-01-24
1567;1550;bd8fef16b460;2024-01-24
1568;1567;bd8fef16b460;2024-01-23
1569;1568;bd8fef16b460;2024-01-23
1570;1569;bd8fef16b460;2024-01-25
1571;1570;bd8fef16b460;2024-01-23
1572;1571;bd8fef16b460;2024-02-06
1573;1572;bd8fef16b460;2024-01-25
1574;1573;bd8fef16b460;2024-01-24
1575;1574;bd8fef16b460;2024-01-25
1576;1575;bd8fef16b460;2024-01-24
1577;1576;bd8fef16b460;2024-01-25
1578;1577;bd8fef16b460;2024-01-26
1579;1578;bd8fef16b460;2024-01-25
1580;1579;bd8fef16b460;2024-01-25
1581;1580;bd8fef16b460;2024-01-25
1582;1581;bd8fef16b460;2024-01-25
1583;1582;bd8fef16b460;2024-01-29
1584;1583;bd8fef16b460;2024-01-26
1585;1584;bd8fef16b460;2024-01-26
1586;1585;bd8fef16b460;2024-01-29
1587;1586;bd8fef16b460;2024-01-26
1588;1587;bd8fef16b460;2024-01-26
1589;1588;bd8fef16b460;2024-01-30
1590;1589;bd8fef16b460;2024-01-26
1591;1590;bd8fef16b460;2024-01-28
1592;1591;bd8fef16b460;2024-01-29
1593;1592;bd8fef16b460;2024-01-29
1594;1593;bd8fef16b460;2024-01-30
1595;1594;bd8fef16b460;2024-01-31
1596;1596;bd8fef16b460;2024-02-07
1597;1595;bd8fef16b460;2024-01-30
1598;1597;bd8fef16b460;2024-01-31
1599;1598;bd8fef16b460;2024-01-30
1600;1599;bd8fef16b460;2024-01-30
1601;1600;bd8fef16b460;2024-01-31
1602;1601;bd8fef16b460;2024-01-31
1603;1602;bd8fef16b460;2024-01-31
1604;1603;bd8fef16b460;2024-02-01
1605;1604;bd8fef16b460;2024-01-31
1606;1605;bd8fef16b460;2024-02-01
1607;1606;bd8fef16b460;2024-01-31
1608;1607;bd8fef16b460;2024-02-01
1609;1608;bd8fef16b460;2024-02-01
1610;1609;bd8fef16b460;2024-02-01
1611;1610;bd8fef16b460;2024-02-07
1612;1611;bd8fef16b460;2024-02-02
1613;1612;bd8fef16b460;2024-03-13
1614;1613;bd8fef16b460;2024-02-12
1615;1614;bd8fef16b460;2024-02-01
1616;1615;bd8fef16b460;2024-02-02
1617;1616;bd8fef16b460;2024-02-02
1618;1617;bd8fef16b460;2024-02-02
1619;1619;bd8fef16b460;2024-02-05
1620;1621;bd8fef16b460;2024-02-05
1621;1620;bd8fef16b460;2024-02-02
1622;1623;bd8fef16b460;2024-02-02
1623;1624;bd8fef16b460;2024-02-08
1624;1622;bd8fef16b460;2024-02-05
1625;1625;bd8fef16b460;2024-02-07
1626;1626;bd8fef16b460;2024-02-16
1627;1627;bd8fef16b460;2024-02-05
1628;1628;bd8fef16b460;2024-02-06
1629;1629;bd8fef16b460;2024-02-06
1630;1630;bd8fef16b460;2024-02-05
1631;1631;bd8fef16b460;2024-02-05
1632;1632;bd8fef16b460;2024-02-06
1633;1633;bd8fef16b460;2024-02-20
1634;1634;bd8fef16b460;2024-02-06
1635;1635;bd8fef16b460;2024-02-06
1636;1618;bd8fef16b460;2024-02-07
1637;1636;bd8fef16b460;2024-02-08
1638;1637;bd8fef16b460;2024-02-14
1639;1638;bd8fef16b460;2024-02-07
1640;1639;bd8fef16b460;2024-02-06
1641;1640;bd8fef16b460;2024-02-07
1642;1641;bd8fef16b460;2024-02-07
1643;1643;bd8fef16b460;2024-02-07
1644;1644;bd8fef16b460;2024-02-07
1645;1645;bd8fef16b460;2024-02-07
1646;1646;bd8fef16b460;2024-02-08
1647;1647;bd8fef16b460;2024-02-07
1648;1648;bd8fef16b460;2024-02-07
1649;1649;bd8fef16b460;2024-02-07
1650;1650;bd8fef16b460;2024-02-08
1651;1651;bd8fef16b460;2024-02-08
1652;1652;bd8fef16b460;2024-02-08
1653;1653;bd8fef16b460;2024-02-09
1654;1654;bd8fef16b460;2024-02-14
1655;1655;bd8fef16b460;2024-02-08
1656;1656;bd8fef16b460;2024-02-09
1657;1657;bd8fef16b460;2024-02-15
1658;1658;bd8fef16b460;2024-02-08
1659;1659;bd8fef16b460;2024-02-08
1660;1660;bd8fef16b460;2024-02-08
1661;1661;bd8fef16b460;2024-02-09
1662;1662;bd8fef16b460;2024-01-31
1663;1663;bd8fef16b460;2024-02-08
1664;1664;bd8fef16b460;2024-02-09
1665;1665;bd8fef16b460;2024-02-12
1666;1666;bd8fef16b460;2024-02-09
1667;1667;bd8fef16b460;2024-02-08
1668;1668;bd8fef16b460;2024-02-09
1669;1669;bd8fef16b460;2024-02-09
1670;1642;bd8fef16b460;2024-02-08
1671;1670;bd8fef16b460;2024-02-21
1672;1671;bd8fef16b460;2024-02-09
1673;1673;bd8fef16b460;2024-02-14
1674;1674;bd8fef16b460;2024-02-09
1675;1675;bd8fef16b460;2024-02-12
1676;1676;bd8fef16b460;2024-02-12
1677;1677;bd8fef16b460;2024-02-12
1678;1678;bd8fef16b460;2024-02-16
1679;1679;bd8fef16b460;2024-02-15
1680;1680;bd8fef16b460;2024-02-13
1681;1681;bd8fef16b460;2024-02-12
1682;1682;bd8fef16b460;2024-02-13
1683;1683;bd8fef16b460;2024-02-26
1684;1684;bd8fef16b460;2024-02-14
1685;1672;bd8fef16b460;2024-02-14
1686;1685;bd8fef16b460;2024-02-14
1687;1686;bd8fef16b460;2024-02-28
1688;1687;bd8fef16b460;2024-02-13
1689;1689;bd8fef16b460;2024-02-15
1690;1690;bd8fef16b460;2024-02-14
1691;1691;bd8fef16b460;2024-02-14
1692;1692;bd8fef16b460;2024-02-29
1693;1693;bd8fef16b460;2024-02-14
1694;1694;bd8fef16b460;2024-02-19
1695;1695;bd8fef16b460;2024-02-15
1696;1696;bd8fef16b460;2024-02-15
1697;1697;bd8fef16b460;2024-02-15
1698;1698;bd8fef16b460;2024-02-16
1699;1699;bd8fef16b460;2024-02-15
1700;1700;bd8fef16b460;2024-02-16
1701;1702;bd8fef16b460;2024-02-16
1702;1703;bd8fef16b460;2024-02-18
1703;1704;bd8fef16b460;2024-02-16
1704;1706;bd8fef16b460;2024-02-16
1705;1707;bd8fef16b460;2024-02-20
1706;1708;bd8fef16b460;2024-02-16
1707;1709;bd8fef16b460;2024-02-21
1708;1710;bd8fef16b460;2024-02-22
1709;1711;bd8fef16b460;2024-02-19
1710;1712;bd8fef16b460;2024-02-19
1711;1713;bd8fef16b460;2024-02-16
1712;1705;bd8fef16b460;2024-02-16
1713;1714;bd8fef16b460;2024-02-19
1714;1715;bd8fef16b460;2024-02-18
1715;1716;bd8fef16b460;2024-02-19
1716;1688;bd8fef16b460;2024-02-21
1717;1717;bd8fef16b460;2024-02-23
1718;1718;bd8fef16b460;2024-02-20
1719;1719;bd8fef16b460;2024-02-19
1720;1720;bd8fef16b460;2024-02-20
1721;1721;bd8fef16b460;2024-02-19
1722;1722;bd8fef16b460;2024-02-21
1723;1723;bd8fef16b460;2024-02-19
1724;1724;bd8fef16b460;2024-02-21
1725;1725;bd8fef16b460;2024-02-22
1726;1701;bd8fef16b460;2024-02-20
1727;1726;bd8fef16b460;2024-02-21
1728;1727;bd8fef16b460;2024-02-20
1729;1728;bd8fef16b460;2024-02-20
1730;1729;bd8fef16b460;2024-02-26
1731;1730;bd8fef16b460;2024-02-20
1732;1731;bd8fef16b460;2024-02-21
1733;1732;bd8fef16b460;2024-02-27
1734;1733;bd8fef16b460;2024-02-21
1735;1734;bd8fef16b460;2024-02-21
1736;1735;bd8fef16b460;2024-02-25
1737;1736;bd8fef16b460;2024-03-15
1738;1737;bd8fef16b460;2024-02-26
1739;1738;bd8fef16b460;2024-02-21
1740;1739;bd8fef16b460;2024-02-21
1741;1740;bd8fef16b460;2024-02-27
1742;1741;bd8fef16b460;2024-02-22
1743;1742;bd8fef16b460;2024-02-21
1744;1743;bd8fef16b460;2024-02-22
1745;1744;bd8fef16b460;2024-03-07
1746;1745;bd8fef16b460;2024-02-21
1747;1746;bd8fef16b460;2024-02-26
1748;1747;bd8fef16b460;2024-02-22
1749;1748;bd8fef16b460;2024-02-22
1750;1749;bd8fef16b460;2024-02-22
1751;1751;bd8fef16b460;2024-02-23
1752;1752;bd8fef16b460;2024-02-22
1753;1753;bd8fef16b460;2024-02-28
1754;1754;bd8fef16b460;2024-02-22
1755;1755;bd8fef16b460;2024-02-27
1756;1756;bd8fef16b460;2024-02-26
1757;1758;bd8fef16b460;2024-02-27
1758;1750;bd8fef16b460;2024-03-01
1759;1759;bd8fef16b460;2024-02-28
1760;1757;bd8fef16b460;2024-02-27
1761;1760;bd8fef16b460;2024-02-27
1762;1761;bd8fef16b460;2024-03-11
1763;1762;bd8fef16b460;2024-03-05
1764;1763;bd8fef16b460;2024-02-26
1765;1764;bd8fef16b460;2024-03-01
1766;1765;bd8fef16b460;2024-02-26
1767;1766;bd8fef16b460;2024-02-29
1768;1767;bd8fef16b460;2024-02-28
1769;1768;bd8fef16b460;2024-02-29
1770;1769;bd8fef16b460;2024-02-29
1771;1770;bd8fef16b460;2024-02-28
1772;1771;bd8fef16b460;2024-02-28
1773;1772;bd8fef16b460;2024-02-28
1774;1773;bd8fef16b460;2024-02-28
1775;1774;bd8fef16b460;2024-02-29
1776;1775;bd8fef16b460;2024-02-28
1777;1776;bd8fef16b460;2024-02-29
1778;1777;bd8fef16b460;2024-02-29
1779;1778;bd8fef16b460;2024-02-29
1780;1779;bd8fef16b460;2024-02-29
1781;1781;bd8fef16b460;2024-03-01
1782;1782;bd8fef16b460;2024-03-01
1783;1783;bd8fef16b460;2024-02-29
1784;1784;bd8fef16b460;2024-03-01
1785;1785;bd8fef16b460;2024-03-01
1786;1780;bd8fef16b460;2024-03-04
1787;1786;bd8fef16b460;2024-03-01
1788;1787;bd8fef16b460;2024-03-13
1789;1788;bd8fef16b460;2024-03-07
1790;1789;bd8fef16b460;2024-03-06
1791;1790;bd8fef16b460;2024-03-04
1792;1791;bd8fef16b460;2024-03-05
1793;1792;bd8fef16b460;2024-03-04
1794;1793;bd8fef16b460;2024-02-29
1795;1794;bd8fef16b460;2024-03-05
1796;1795;bd8fef16b460;2024-03-04
1797;1796;bd8fef16b460;2024-03-06
1798;1797;bd8fef16b460;2024-03-05
1799;1798;bd8fef16b460;2024-03-11
1800;1799;bd8fef16b460;2024-03-11
1801;1800;bd8fef16b460;2024-03-05
1802;1801;bd8fef16b460;2024-03-05
1803;1802;bd8fef16b460;2024-03-05
1804;1803;bd8fef16b460;2024-03-06
1805;1805;bd8fef16b460;2024-03-07
1806;1806;bd8fef16b460;2024-03-07
1807;1807;bd8fef16b460;2024-03-07
1808;1808;bd8fef16b460;2024-03-06
1809;1809;bd8fef16b460;2024-03-07
1810;1810;bd8fef16b460;2024-03-07
1811;1804;bd8fef16b460;2024-03-07
1812;1811;bd8fef16b460;2024-03-07
1813;1812;bd8fef16b460;2024-03-07
1814;1813;bd8fef16b460;2024-03-06
1815;1814;bd8fef16b460;2024-03-12
1816;1815;bd8fef16b460;2024-03-07
1817;1816;bd8fef16b460;2024-03-12
1818;1817;bd8fef16b460;2024-03-11
1819;1818;bd8fef16b460;2024-03-07
1820;1820;bd8fef16b460;2024-03-07
1821;1821;bd8fef16b460;2024-03-11
1822;1822;bd8fef16b460;2024-03-11
1823;1823;bd8fef16b460;2024-03-11
1824;1824;bd8fef16b460;2024-03-11
1825;1825;bd8fef16b460;2024-03-11
1826;1826;bd8fef16b460;2024-03-11
1827;1827;bd8fef16b460;2024-03-11
1828;1828;bd8fef16b460;2024-03-11
1829;1829;bd8fef16b460;2024-03-12
1830;1830;bd8fef16b460;2024-03-18
1831;1831;bd8fef16b460;2024-03-11
1832;1832;bd8fef16b460;2024-03-11
1833;1833;bd8fef16b460;2024-03-12
1834;1834;bd8fef16b460;2024-03-15
1835;1835;bd8fef16b460;2024-03-12
1836;1836;bd8fef16b460;2024-03-11
1837;1837;bd8fef16b460;2024-03-12
1838;1838;bd8fef16b460;2024-03-12
1839;1839;bd8fef16b460;2024-03-14
1840;1819;bd8fef16b460;2024-03-20
1841;1840;bd8fef16b460;2024-03-16
1842;1841;bd8fef16b460;2024-03-12
1843;1842;bd8fef16b460;2024-03-12
1844;1843;bd8fef16b460;2024-03-15
1845;1844;bd8fef16b460;2024-03-14
1846;1846;bd8fef16b460;2024-03-13
1847;1847;bd8fef16b460;2024-03-14
1848;1848;bd8fef16b460;2024-03-13
1849;1845;bd8fef16b460;2024-03-14
1850;1849;bd8fef16b460;2024-03-14
1851;1850;bd8fef16b460;2024-03-14
1852;1851;bd8fef16b460;2024-03-26
1853;1852;bd8fef16b460;2024-03-14
1854;1853;bd8fef16b460;2024-03-15
1855;1854;bd8fef16b460;2024-03-15
1856;1855;bd8fef16b460;2024-03-22
1857;1857;bd8fef16b460;2024-03-27
1858;1858;bd8fef16b460;2024-03-19
1859;1859;bd8fef16b460;2024-03-15
1860;1860;bd8fef16b460;2024-03-25
1861;1861;bd8fef16b460;2024-03-12
1862;1856;bd8fef16b460;2024-03-18
1863;1862;bd8fef16b460;2024-03-19
1864;1863;bd8fef16b460;2024-03-19
1865;1864;bd8fef16b460;2024-03-20
1866;1865;bd8fef16b460;2024-03-19
1867;1866;bd8fef16b460;2024-03-19
1868;1867;bd8fef16b460;2024-03-19
1869;1868;bd8fef16b460;2024-03-20
1870;1869;bd8fef16b460;2024-03-22
1871;1870;bd8fef16b460;2024-03-25
1872;1871;bd8fef16b460;2024-03-19
1873;1872;bd8fef16b460;2024-03-26
1874;1873;bd8fef16b460;2024-03-20
1875;1874;bd8fef16b460;2024-03-19
1876;1875;bd8fef16b460;2024-03-20
1877;1876;bd8fef16b460;2024-03-20
1878;1877;bd8fef16b460;2024-04-16
1879;1878;bd8fef16b460;2024-03-21
1880;1879;bd8fef16b460;2024-03-20
1881;1880;bd8fef16b460;2024-03-29
1882;1881;bd8fef16b460;2024-03-21
1883;1882;bd8fef16b460;2024-03-21
1884;1883;bd8fef16b460;2024-03-21
1885;1884;bd8fef16b460;2024-03-24
1886;1885;bd8fef16b460;2024-03-21
1887;1886;bd8fef16b460;2024-03-26
1888;1887;bd8fef16b460;2024-03-21
1889;1888;bd8fef16b460;2024-03-26
1890;1889;bd8fef16b460;2024-03-22
1891;1890;bd8fef16b460;2024-03-22
1892;1891;bd8fef16b460;2024-04-10
1893;1892;bd8fef16b460;2024-03-22
1894;1893;bd8fef16b460;2024-03-22
1895;1894;bd8fef16b460;2024-03-22
1896;1895;bd8fef16b460;2024-03-25
1897;1896;bd8fef16b460;2024-03-25
1898;1897;bd8fef16b460;2024-03-22
1899;1898;bd8fef16b460;2024-03-24
1900;1899;bd8fef16b460;2024-03-22
1901;1900;bd8fef16b460;2024-03-22
1902;1901;bd8fef16b460;2024-03-25
1903;1902;bd8fef16b460;2024-03-22
1904;1903;bd8fef16b460;2024-03-25
1905;1904;bd8fef16b460;2024-03-27
1906;1905;bd8fef16b460;2024-03-25
1907;1906;bd8fef16b460;2024-03-26
1908;1907;bd8fef16b460;2024-03-25
1909;1908;bd8fef16b460;2024-03-25
1910;1909;bd8fef16b460;2024-03-25
1911;1910;bd8fef16b460;2024-03-25
1912;1911;bd8fef16b460;2024-03-27
1913;1912;bd8fef16b460;2024-03-25
1914;1913;bd8fef16b460;2024-03-27
1915;1914;bd8fef16b460;2024-04-23
1916;1915;bd8fef16b460;2024-03-25
1917;1916;bd8fef16b460;2024-03-26
1918;1917;bd8fef16b460;2024-03-27
1919;1918;bd8fef16b460;2024-03-27
1920;1919;bd8fef16b460;2024-03-26
1921;1920;bd8fef16b460;2024-03-29
1922;1921;bd8fef16b460;2024-03-26
1923;1922;bd8fef16b460;2024-03-27
1924;1923;bd8fef16b460;2024-04-04
1925;1924;bd8fef16b460;2024-03-27
1926;1925;bd8fef16b460;2024-03-27
1927;1926;bd8fef16b460;2024-03-27
1928;1927;bd8fef16b460;2024-03-27
1929;1928;bd8fef16b460;2024-03-28
1930;1929;bd8fef16b460;2024-03-28
1931;1930;bd8fef16b460;2024-04-01
1932;1931;bd8fef16b460;2024-03-28
1933;1932;bd8fef16b460;2024-03-29
1934;1933;bd8fef16b460;2024-03-28
1935;1934;bd8fef16b460;2024-04-04
1936;1935;bd8fef16b460;2024-03-29
1937;1936;bd8fef16b460;2024-04-02
1938;1937;bd8fef16b460;2024-03-28
1939;1938;bd8fef16b460;2024-04-02
1940;1939;bd8fef16b460;2024-04-03
1941;1940;bd8fef16b460;2024-04-01
1942;1941;bd8fef16b460;2024-04-01
1943;1942;bd8fef16b460;2024-04-01
1944;1943;bd8fef16b460;2024-03-31
1945;1944;bd8fef16b460;2024-04-02
1946;1945;bd8fef16b460;2024-04-03
1947;1946;bd8fef16b460;2024-04-02
1948;1947;bd8fef16b460;2024-04-04
1949;1948;bd8fef16b460;2024-04-03
1950;1949;bd8fef16b460;2024-04-03
1951;1950;bd8fef16b460;2024-04-15
1952;1951;bd8fef16b460;2024-04-03
1953;1952;bd8fef16b460;2024-04-03
1954;1953;bd8fef16b460;2024-04-09
1955;1954;bd8fef16b460;2024-04-03
1956;1955;bd8fef16b460;2024-04-03
1957;1956;bd8fef16b460;2024-04-03
1958;1957;bd8fef16b460;2024-04-03
1959;1958;bd8fef16b460;2024-04-04
1960;1959;bd8fef16b460;2024-04-05
1961;1960;bd8fef16b460;2024-04-12
1962;1962;bd8fef16b460;2024-04-04
1963;1963;bd8fef16b460;2024-04-05
1964;1964;bd8fef16b460;2024-04-08
1965;1961;bd8fef16b460;2024-04-08
1966;1965;bd8fef16b460;2024-04-27
1967;1966;bd8fef16b460;2024-04-04
1968;1967;bd8fef16b460;2024-04-04
1969;1968;bd8fef16b460;2024-04-05
1970;1969;bd8fef16b460;2024-05-08
1971;1970;bd8fef16b460;2024-04-29
1972;1971;bd8fef16b460;2024-04-05
1973;1972;bd8fef16b460;2024-04-08
1974;1973;bd8fef16b460;2024-04-08
1975;1974;bd8fef16b460;2024-04-05
1976;1975;bd8fef16b460;2024-04-09
1977;1976;bd8fef16b460;2024-04-08
1978;1977;bd8fef16b460;2024-04-05
1979;1978;bd8fef16b460;2024-04-06
1980;1979;bd8fef16b460;2024-04-08
1981;1980;bd8fef16b460;2024-04-05
1982;1981;bd8fef16b460;2024-04-06
1983;1982;bd8fef16b460;2024-04-08
1984;1983;bd8fef16b460;2024-04-09
1985;1984;bd8fef16b460;2024-04-09
1986;1985;bd8fef16b460;2024-05-31
1987;1986;bd8fef16b460;2024-04-11
1988;1987;bd8fef16b460;2024-04-09
1989;1988;bd8fef16b460;2024-04-09
1990;1989;bd8fef16b460;2024-04-10
1991;1990;bd8fef16b460;2024-04-11
1992;1991;bd8fef16b460;2024-04-09
1993;1992;bd8fef16b460;2024-04-10
1994;1993;bd8fef16b460;2024-04-12
1995;1994;bd8fef16b460;2024-04-10
1996;1995;bd8fef16b460;2024-04-10
1997;1996;bd8fef16b460;2024-04-10
1998;1997;bd8fef16b460;2024-04-11
1999;1998;bd8fef16b460;2024-04-15
2000;1999;bd8fef16b460;2024-04-11
2001;2000;bd8fef16b460;2024-04-19
2002;2001;bd8fef16b460;2024-04-10
2003;2002;bd8fef16b460;2024-04-10
2004;2003;bd8fef16b460;2024-04-11
2005;2004;bd8fef16b460;2024-04-12
2006;2005;bd8fef16b460;2024-04-10
2007;2006;bd8fef16b460;2024-04-11
2008;2007;bd8fef16b460;2024-04-10
2009;2008;bd8fef16b460;2024-04-11
2010;2009;bd8fef16b460;2024-04-12
2011;2010;bd8fef16b460;2024-04-11
2012;2011;bd8fef16b460;2024-04-12
2013;2012;bd8fef16b460;2024-04-11
2014;2013;bd8fef16b460;2024-04-11
2015;2014;bd8fef16b460;2024-04-11
2016;2016;bd8fef16b460;2024-04-11
2017;2017;bd8fef16b460;2024-04-14
2018;2018;bd8fef16b460;2024-04-12
2019;2015;bd8fef16b460;2024-05-08
2020;2019;bd8fef16b460;2024-04-12
2021;2020;bd8fef16b460;2024-04-12
2022;2021;bd8fef16b460;2024-04-12
2023;2022;bd8fef16b460;2024-04-15
2024;2023;bd8fef16b460;2024-04-15
2025;2024;bd8fef16b460;2024-04-15
2026;2025;bd8fef16b460;2024-04-17
2027;2027;bd8fef16b460;2024-04-15
2028;2028;bd8fef16b460;2024-04-15
2029;2029;bd8fef16b460;2024-04-17
2030;2030;bd8fef16b460;2024-04-15
2031;2031;bd8fef16b460;2024-04-16
2032;2032;bd8fef16b460;2024-04-15
2033;2033;bd8fef16b460;2024-04-18
2034;2034;bd8fef16b460;2024-04-23
2035;2035;bd8fef16b460;2024-04-18
2036;2036;bd8fef16b460;2024-04-15
2037;2037;bd8fef16b460;2024-04-16
2038;2038;bd8fef16b460;2024-04-18
2039;2039;bd8fef16b460;2024-04-17
2040;2026;bd8fef16b460;2024-04-16
2041;2040;bd8fef16b460;2024-04-17
2042;2041;bd8fef16b460;2024-04-18
2043;2042;bd8fef16b460;2024-04-17
2044;2043;bd8fef16b460;2024-04-17
2045;2044;bd8fef16b460;2024-04-16
2046;2045;bd8fef16b460;2024-04-16
2047;2046;bd8fef16b460;2024-04-16
2048;2047;bd8fef16b460;2024-04-18
2049;2048;bd8fef16b460;2024-04-16
2050;2049;bd8fef16b460;2024-04-17
2051;2050;bd8fef16b460;2024-04-18
2052;2051;bd8fef16b460;2024-04-18
2053;2052;bd8fef16b460;2024-04-18
2054;2053;bd8fef16b460;2024-04-17
2055;2054;bd8fef16b460;2024-04-17
2056;2055;bd8fef16b460;2024-04-19
2057;2057;bd8fef16b460;2024-04-18
2058;2058;bd8fef16b460;2024-04-26
2059;2060;bd8fef16b460;2024-04-18
2060;2056;bd8fef16b460;2024-04-18
2061;2061;bd8fef16b460;2024-04-18
2062;2062;bd8fef16b460;2024-05-08
2063;2059;bd8fef16b460;2024-04-22
2064;2063;bd8fef16b460;2024-04-19
2065;2064;bd8fef16b460;2024-04-18
2066;2065;bd8fef16b460;2024-04-19
2067;2066;bd8fef16b460;2024-04-23
2068;2067;bd8fef16b460;2024-04-22
2069;2068;bd8fef16b460;2024-04-19
2070;2069;bd8fef16b460;2024-04-19
2071;2070;bd8fef16b460;2024-04-21
2072;2071;bd8fef16b460;2024-05-21
2073;2072;bd8fef16b460;2024-04-19
2074;2073;bd8fef16b460;2024-04-19
2075;2074;bd8fef16b460;2024-04-30
2076;2075;bd8fef16b460;2024-04-22
2077;2076;bd8fef16b460;2024-04-19
2078;2077;bd8fef16b460;2024-04-19
2079;2078;bd8fef16b460;2024-04-22
2080;2079;bd8fef16b460;2024-04-22
2081;2081;bd8fef16b460;2024-04-22
2082;2082;bd8fef16b460;2024-04-22
2083;2083;bd8fef16b460;2024-04-25
2084;2084;bd8fef16b460;2024-01-31
2085;2085;bd8fef16b460;2024-04-22
2086;2086;bd8fef16b460;2024-04-22
2087;2087;bd8fef16b460;2024-04-23
2088;2088;bd8fef16b460;2024-05-03
2089;2089;bd8fef16b460;2024-04-24
2090;2090;bd8fef16b460;2024-04-24
2091;2091;bd8fef16b460;2024-04-23
2092;2092;bd8fef16b460;2024-04-24
2093;2093;bd8fef16b460;2024-06-10
2094;2094;bd8fef16b460;2024-04-23
2095;2095;bd8fef16b460;2024-04-25
2096;2096;bd8fef16b460;2024-04-24
2097;2097;bd8fef16b460;2024-04-23
2098;2098;bd8fef16b460;2024-04-23
2099;2099;bd8fef16b460;2024-04-24
2100;2100;bd8fef16b460;2024-04-24
2101;2101;bd8fef16b460;2024-04-24
2102;2102;bd8fef16b460;2024-04-25
2103;2103;bd8fef16b460;2024-04-24
2104;2104;bd8fef16b460;2024-04-24
2105;2105;bd8fef16b460;2024-04-25
2106;2106;bd8fef16b460;2024-04-24
2107;2107;bd8fef16b460;2024-04-25
2108;2108;bd8fef16b460;2024-04-24
2109;2080;bd8fef16b460;2024-05-06
2110;2109;bd8fef16b460;2024-04-25
2111;2110;bd8fef16b460;2024-05-15
2112;2111;bd8fef16b460;2024-04-27
2113;2112;bd8fef16b460;2024-04-25
2114;2113;bd8fef16b460;2024-04-25
2115;2114;bd8fef16b460;2024-04-26
2116;2115;bd8fef16b460;2024-04-25
2117;2116;bd8fef16b460;2024-04-27
2118;2117;bd8fef16b460;2024-04-26
2119;2118;bd8fef16b460;2024-04-26
2120;2119;bd8fef16b460;2024-04-26
2121;2120;bd8fef16b460;2024-05-02
2122;2121;bd8fef16b460;2024-05-03
2123;2122;bd8fef16b460;2024-04-26
2124;2123;bd8fef16b460;2024-04-26
2125;2124;bd8fef16b460;2024-04-27
2126;2125;bd8fef16b460;2024-04-26
2127;2126;bd8fef16b460;2024-05-07
2128;2127;bd8fef16b460;2024-04-27
2129;2128;bd8fef16b460;2024-04-27
2130;2129;bd8fef16b460;2024-05-02
2131;2130;bd8fef16b460;2024-05-13
2132;2131;bd8fef16b460;2024-04-27
2133;2132;bd8fef16b460;2024-05-08
2134;2133;bd8fef16b460;2024-04-27
2135;2134;bd8fef16b460;2024-04-26
2136;2135;bd8fef16b460;2024-04-27
2137;2136;bd8fef16b460;2024-05-01
2138;2137;bd8fef16b460;2024-04-29
2139;2138;bd8fef16b460;2024-04-27
2140;2139;bd8fef16b460;2024-04-27
2141;2140;bd8fef16b460;2024-05-02
2142;2141;bd8fef16b460;2024-04-29
2143;2142;bd8fef16b460;2024-04-27
2144;2143;bd8fef16b460;2024-05-03
2145;2144;bd8fef16b460;2024-05-06
2146;2145;bd8fef16b460;2024-05-03
2147;2146;bd8fef16b460;2024-05-02
2148;2147;bd8fef16b460;2024-05-02
2149;2148;bd8fef16b460;2024-05-02
2150;2149;bd8fef16b460;2024-04-27
2151;2150;bd8fef16b460;2024-05-02
2152;2151;bd8fef16b460;2024-05-06
2153;2152;bd8fef16b460;2024-05-03
2154;2153;bd8fef16b460;2024-05-03
2155;2155;bd8fef16b460;2024-05-03
2156;2157;bd8fef16b460;2024-05-03
2157;2158;bd8fef16b460;2024-05-03
2158;2159;bd8fef16b460;2024-05-03
2159;2160;bd8fef16b460;2024-05-08
2160;2161;bd8fef16b460;2024-05-03
2161;2162;bd8fef16b460;2024-05-03
2162;2163;bd8fef16b460;2024-05-19
2163;2164;bd8fef16b460;2024-05-08
2164;2165;bd8fef16b460;2024-05-04
2165;2166;bd8fef16b460;2024-05-06
2166;2167;bd8fef16b460;2024-05-06
2167;2168;bd8fef16b460;2024-05-08
2168;2169;bd8fef16b460;2024-05-06
2169;2171;bd8fef16b460;2024-05-06
2170;2170;bd8fef16b460;2024-05-06
2171;2172;bd8fef16b460;2024-05-07
2172;2173;bd8fef16b460;2024-05-06
2173;2174;bd8fef16b460;2024-05-07
2174;2156;bd8fef16b460;2024-05-07
2175;2175;bd8fef16b460;2024-05-07
2176;2176;bd8fef16b460;2024-05-07
2177;2177;bd8fef16b460;2024-05-13
2178;2178;bd8fef16b460;2024-05-08
2179;2154;bd8fef16b460;2024-05-26
2180;2180;bd8fef16b460;2024-05-14
2181;2181;bd8fef16b460;2024-05-10
2182;2183;bd8fef16b460;2024-05-08
2183;2182;bd8fef16b460;2024-05-13
2184;2179;bd8fef16b460;2024-05-08
2185;2184;bd8fef16b460;2024-05-13
2186;2185;bd8fef16b460;2024-05-13
2187;2186;bd8fef16b460;2024-05-10
2188;2187;bd8fef16b460;2024-05-13
2189;2189;bd8fef16b460;2024-05-13
2190;2190;bd8fef16b460;2024-05-14
2191;2191;bd8fef16b460;2024-05-13
2192;2192;bd8fef16b460;2024-05-13
2193;2193;bd8fef16b460;2024-05-15
2194;2194;bd8fef16b460;2024-05-20
2195;2195;bd8fef16b460;2024-05-13
2196;2196;bd8fef16b460;2024-05-21
2197;2197;bd8fef16b460;2024-05-16
2198;2198;bd8fef16b460;2024-05-14
2199;2199;bd8fef16b460;2024-05-14
2200;2200;bd8fef16b460;2024-05-14
2201;2201;bd8fef16b460;2024-05-15
2202;2202;bd8fef16b460;2024-05-15
2203;2203;bd8fef16b460;2024-05-16
2204;2204;bd8fef16b460;2024-05-14
2205;2205;bd8fef16b460;2024-05-15
2206;2206;bd8fef16b460;2024-05-15
2207;2207;bd8fef16b460;2024-05-28
2208;2209;bd8fef16b460;2024-05-16
2209;2210;bd8fef16b460;2024-05-16
2210;2211;bd8fef16b460;2024-05-16
2211;2212;bd8fef16b460;2024-05-21
2212;2213;bd8fef16b460;2024-05-16
2213;2214;bd8fef16b460;2024-05-17
2214;2215;bd8fef16b460;2024-05-17
2215;2216;bd8fef16b460;2024-05-17
2216;2208;bd8fef16b460;2024-05-17
2217;2188;bd8fef16b460;2024-05-20
2218;2217;bd8fef16b460;2024-05-21
2219;2218;bd8fef16b460;2024-05-20
2220;2219;bd8fef16b460;2024-05-17
2221;2220;bd8fef16b460;2024-05-21
2222;2221;bd8fef16b460;2024-05-23
2223;2222;bd8fef16b460;2024-05-21
2224;2223;bd8fef16b460;2024-05-21
2225;2224;bd8fef16b460;2024-05-30
2226;2225;bd8fef16b460;2024-05-23
2227;2226;bd8fef16b460;2024-05-23
2228;2227;bd8fef16b460;2024-05-23
2229;2228;bd8fef16b460;2024-05-22
2230;2229;bd8fef16b460;2024-05-22
2231;2230;bd8fef16b460;2024-05-23
2232;2231;bd8fef16b460;2024-05-23
2233;2232;bd8fef16b460;2024-05-23
2234;2233;bd8fef16b460;2024-05-24
2235;2234;bd8fef16b460;2024-05-24
2236;2236;bd8fef16b460;2024-05-23
2237;2237;bd8fef16b460;2024-05-24
2238;2238;bd8fef16b460;2024-05-25
2239;2239;bd8fef16b460;2024-05-27
2240;2240;bd8fef16b460;2024-05-27
2241;2241;bd8fef16b460;2024-05-24
2242;2242;bd8fef16b460;2024-05-24
2243;2235;bd8fef16b460;2024-06-14
2244;2243;bd8fef16b460;2024-05-23
2245;2244;bd8fef16b460;2024-05-24
2246;2245;bd8fef16b460;2024-05-24
2247;2246;bd8fef16b460;2024-05-27
2248;2247;bd8fef16b460;2024-06-09
2249;2248;bd8fef16b460;2024-05-29
2250;2249;bd8fef16b460;2024-05-27
2251;2250;bd8fef16b460;2024-05-27
2252;2251;bd8fef16b460;2024-05-27
2253;2252;bd8fef16b460;2024-05-28
2254;2253;bd8fef16b460;2024-05-28
2255;2254;bd8fef16b460;2024-05-29
2256;2255;bd8fef16b460;2024-05-28
2257;2256;bd8fef16b460;2024-05-28
2258;2257;bd8fef16b460;2024-06-03
2259;2258;bd8fef16b460;2024-05-28
2260;2259;bd8fef16b460;2024-05-28
2261;2260;bd8fef16b460;2024-05-29
2262;2261;bd8fef16b460;2024-05-28
2263;2262;bd8fef16b460;2024-05-29
2264;2263;bd8fef16b460;2024-05-31
2265;2264;bd8fef16b460;2024-05-30
2266;2265;bd8fef16b460;2024-06-01
2267;2266;bd8fef16b460;2024-05-30
2268;2267;bd8fef16b460;2024-05-31
2269;2268;bd8fef16b460;2024-05-30
2270;2269;bd8fef16b460;2024-05-08
2271;2270;bd8fef16b460;2024-05-30
2272;2271;bd8fef16b460;2024-05-30
2273;2273;bd8fef16b460;2024-06-03
2274;2272;bd8fef16b460;2024-05-31
2275;2274;bd8fef16b460;2024-05-08
2276;2275;bd8fef16b460;2024-06-03
2277;2276;bd8fef16b460;2024-06-04
2278;2277;bd8fef16b460;2024-06-05
2279;2278;bd8fef16b460;2024-06-14
2280;2279;bd8fef16b460;2024-06-05
2281;2280;bd8fef16b460;2024-06-06
2282;2282;bd8fef16b460;2024-06-07
2283;2281;bd8fef16b460;2024-06-05
2284;2283;bd8fef16b460;2024-06-05
2285;2284;bd8fef16b460;2024-06-06
2286;2285;bd8fef16b460;2024-06-07
2287;2286;bd8fef16b460;2024-06-07
2288;2288;bd8fef16b460;2024-06-13
2289;2290;bd8fef16b460;2024-06-07
2290;2291;bd8fef16b460;2024-06-10
2291;2292;bd8fef16b460;2024-06-13
2292;2293;bd8fef16b460;2024-06-07
2293;2287;bd8fef16b460;2024-06-10
2294;2294;bd8fef16b460;2024-06-10
2295;2295;bd8fef16b460;2024-06-11
2296;2296;bd8fef16b460;2024-06-11
2297;2298;bd8fef16b460;2024-06-11
2298;2297;bd8fef16b460;2024-06-13
2299;2299;bd8fef16b460;2024-06-11
2300;2301;bd8fef16b460;2024-06-11
2301;2302;bd8fef16b460;2024-06-14
2302;2303;bd8fef16b460;2024-06-12
2303;2304;bd8fef16b460;2024-06-12
2304;2305;bd8fef16b460;2024-06-14
2305;2306;bd8fef16b460;2024-06-14
2306;2307;bd8fef16b460;2024-06-13
2307;2308;bd8fef16b460;2024-06-19
2308;2309;bd8fef16b460;2024-06-14
2309;2300;bd8fef16b460;2024-06-14
2310;2310;bd8fef16b460;2024-06-17
2311;2311;bd8fef16b460;2024-06-18
2312;2312;bd8fef16b460;2024-06-19
2313;2313;bd8fef16b460;2024-06-14
2314;2289;bd8fef16b460;2024-06-14
2315;2314;bd8fef16b460;2024-06-19
2316;2315;bd8fef16b460;2024-06-14
2317;2316;bd8fef16b460;2024-06-17
2318;2317;bd8fef16b460;2024-06-17
2319;2318;bd8fef16b460;2024-06-17
2320;2319;bd8fef16b460;2024-06-18
2321;2320;bd8fef16b460;2024-06-18
2322;2321;bd8fef16b460;2024-06-18
2323;2322;bd8fef16b460;2024-06-21
2324;2323;bd8fef16b460;2024-06-19
2325;2324;bd8fef16b460;2024-06-19
2326;2325;bd8fef16b460;2024-06-20
2327;2326;bd8fef16b460;2024-06-19
2328;2327;bd8fef16b460;2024-06-21
2329;2329;bd8fef16b460;2024-06-25
2330;2330;bd8fef16b460;2024-06-21
2331;2328;bd8fef16b460;2024-06-25
2332;2331;bd8fef16b460;2024-06-25
2333;2332;bd8fef16b460;2024-07-12
2334;2333;bd8fef16b460;2024-06-26
2335;2334;bd8fef16b460;2024-06-25
2336;2335;bd8fef16b460;2024-06-28
2337;2336;bd8fef16b460;2024-06-25
2338;2337;bd8fef16b460;2024-06-27
2339;2338;bd8fef16b460;2024-06-26
2340;2339;bd8fef16b460;2024-06-26
2341;2340;bd8fef16b460;2024-06-26
2342;2341;bd8fef16b460;2024-07-16
2343;2342;bd8fef16b460;2024-06-26
2344;2343;bd8fef16b460;2024-06-26
2345;2344;bd8fef16b460;2024-06-26
2346;2345;bd8fef16b460;2024-07-01
2347;2346;bd8fef16b460;2024-06-27
2348;2347;bd8fef16b460;2024-07-02
2349;2348;bd8fef16b460;2024-06-28
2350;2349;bd8fef16b460;2024-06-28
2351;2350;bd8fef16b460;2024-06-28
2352;2352;bd8fef16b460;2024-07-03
2353;2353;bd8fef16b460;2024-07-01
2354;2351;bd8fef16b460;2024-06-28
2355;2354;bd8fef16b460;2024-07-01
2356;2357;bd8fef16b460;2024-07-01
2357;2355;bd8fef16b460;2024-07-12
2358;2356;bd8fef16b460;2024-07-12
2359;2358;bd8fef16b460;2024-07-01
2360;2359;bd8fef16b460;2024-07-02
2361;2360;bd8fef16b460;2024-07-02
2362;2361;bd8fef16b460;2024-07-03
2363;2362;bd8fef16b460;2024-07-04
2364;2363;bd8fef16b460;2024-07-03
2365;2364;bd8fef16b460;2024-07-03
2366;2365;bd8fef16b460;2024-07-03
2367;2366;bd8fef16b460;2024-07-05
2368;2367;bd8fef16b460;2024-07-03
2369;2368;bd8fef16b460;2024-07-03
2370;2369;bd8fef16b460;2024-07-04
2371;2370;bd8fef16b460;2024-07-08
2372;2371;bd8fef16b460;2024-07-04
2373;2372;bd8fef16b460;2024-07-04
2374;2373;bd8fef16b460;2024-07-05
2375;2374;bd8fef16b460;2024-07-05
2376;2375;bd8fef16b460;2024-07-08
2377;2376;bd8fef16b460;2024-07-09
2378;2378;bd8fef16b460;2024-07-08
2379;2377;bd8fef16b460;2024-07-09
2380;2379;bd8fef16b460;2024-07-08
2381;2380;bd8fef16b460;2024-07-09
2382;2381;bd8fef16b460;2024-07-12
2383;2382;bd8fef16b460;2024-07-09
2384;2383;bd8fef16b460;2024-07-10
2385;2384;bd8fef16b460;2024-07-09
2386;2385;bd8fef16b460;2024-07-09
2387;2386;bd8fef16b460;2024-07-29
2388;2388;bd8fef16b460;2024-07-11
2389;2387;bd8fef16b460;2024-07-10
2390;2389;bd8fef16b460;2024-07-15
2391;2390;bd8fef16b460;2024-07-10
2392;2391;bd8fef16b460;2024-07-11
2393;2392;bd8fef16b460;2024-07-11
2394;2394;bd8fef16b460;2024-07-12
2395;2395;bd8fef16b460;2024-07-12
2396;2396;bd8fef16b460;2024-07-15
2397;2397;bd8fef16b460;2024-07-12
2398;2398;bd8fef16b460;2024-08-01
2399;2399;bd8fef16b460;2024-07-12
2400;2400;bd8fef16b460;2024-07-18
2401;2401;bd8fef16b460;2024-07-30
2402;2402;bd8fef16b460;2024-07-23
2403;2403;bd8fef16b460;2024-07-16
2404;2404;bd8fef16b460;2024-07-17
2405;2405;bd8fef16b460;2024-07-18
2406;2406;bd8fef16b460;2024-07-16
2407;2407;bd8fef16b460;2024-08-05
2408;2408;bd8fef16b460;2024-07-16
2409;2409;bd8fef16b460;2024-07-18
2410;2410;bd8fef16b460;2024-07-25
2411;2411;bd8fef16b460;2024-09-12
2412;2412;bd8fef16b460;2024-07-16
2413;2413;bd8fef16b460;2024-07-18
2414;2414;bd8fef16b460;2024-07-30
2415;2415;bd8fef16b460;2024-08-06
2416;2416;bd8fef16b460;2024-07-17
2417;2417;bd8fef16b460;2024-07-22
2418;2393;bd8fef16b460;2024-08-07
2419;2418;bd8fef16b460;2024-07-19
2420;2419;bd8fef16b460;2024-07-19
2421;2420;bd8fef16b460;2024-07-22
2422;2421;bd8fef16b460;2024-07-18
2423;2422;bd8fef16b460;2024-07-18
2424;2423;bd8fef16b460;2024-07-19
2425;2424;bd8fef16b460;2024-07-22
2426;2425;bd8fef16b460;2024-07-18
2427;2426;bd8fef16b460;2024-07-19
2428;2427;bd8fef16b460;2024-08-08
2429;2428;bd8fef16b460;2024-07-22
2430;2429;bd8fef16b460;2024-07-25
2431;2430;bd8fef16b460;2024-07-24
2432;2431;bd8fef16b460;2024-08-14
2433;2432;bd8fef16b460;2024-07-23
2434;2433;bd8fef16b460;2024-07-29
2435;2434;bd8fef16b460;2024-07-24
2436;2435;bd8fef16b460;2024-10-02
2437;2436;bd8fef16b460;2024-07-25
2438;2438;bd8fef16b460;2024-07-26
2439;2437;bd8fef16b460;2024-07-26
2440;2439;bd8fef16b460;2024-07-30
2441;2440;bd8fef16b460;2024-07-29
2442;2441;bd8fef16b460;2024-07-31
2443;2442;bd8fef16b460;2024-07-30
2444;2443;bd8fef16b460;2024-07-29
2445;2444;bd8fef16b460;2024-08-02
2446;2445;bd8fef16b460;2024-07-31
2447;2446;bd8fef16b460;2024-07-30
2448;2447;bd8fef16b460;2024-08-01
2449;2448;bd8fef16b460;2024-07-30
2450;2449;bd8fef16b460;2024-07-30
2451;2450;bd8fef16b460;2024-07-31
2452;2451;bd8fef16b460;2024-07-31
2453;2452;bd8fef16b460;2024-07-31
2454;2453;bd8fef16b460;2024-08-01
2455;2454;bd8fef16b460;2024-08-02
2456;2455;bd8fef16b460;2024-08-01
2457;2456;bd8fef16b460;2024-08-02
2458;2457;bd8fef16b460;2024-08-02
2459;2458;bd8fef16b460;2024-08-14
2460;2459;bd8fef16b460;2024-08-02
2461;2460;bd8fef16b460;2024-08-05
2462;2461;bd8fef16b460;2024-08-05
2463;2462;bd8fef16b460;2024-08-05
2464;2463;bd8fef16b460;2024-08-08
2465;2464;bd8fef16b460;2024-08-14
2466;2465;bd8fef16b460;2024-08-07
2467;2466;bd8fef16b460;2024-08-07
2468;2468;bd8fef16b460;2024-07-31
2469;2469;bd8fef16b460;2024-08-09
2470;2470;bd8fef16b460;2024-08-09
2471;2471;bd8fef16b460;2024-08-08
2472;2472;bd8fef16b460;2024-08-09
2473;2473;bd8fef16b460;2024-08-08
2474;2467;bd8fef16b460;2024-08-12
2475;2477;bd8fef16b460;2024-08-12
2476;2475;bd8fef16b460;2024-08-26
2477;2474;bd8fef16b460;2024-08-16
2478;2476;bd8fef16b460;2024-08-13
2479;2478;bd8fef16b460;2024-08-12
2480;2479;bd8fef16b460;2024-08-13
2481;2481;bd8fef16b460;2024-08-12
2482;2482;bd8fef16b460;2024-08-12
2483;2483;bd8fef16b460;2024-08-12
2484;2484;bd8fef16b460;2024-08-14
2485;2485;bd8fef16b460;2024-08-13
2486;2486;bd8fef16b460;2024-08-15
2487;2480;bd8fef16b460;2024-08-15
2488;2487;bd8fef16b460;2024-08-13
2489;2488;bd8fef16b460;2024-08-13
2490;2489;bd8fef16b460;2024-08-14
2491;2490;bd8fef16b460;2024-08-13
2492;2491;bd8fef16b460;2024-08-14
2493;2492;bd8fef16b460;2024-08-14
2494;2493;bd8fef16b460;2024-08-16
2495;2494;bd8fef16b460;2024-08-14
2496;2495;bd8fef16b460;2024-08-14
2497;2496;bd8fef16b460;2024-08-16
2498;2497;bd8fef16b460;2024-08-19
2499;2498;bd8fef16b460;2024-08-16
2500;2499;bd8fef16b460;2024-08-20
2501;2500;bd8fef16b460;2024-08-19
2502;2501;bd8fef16b460;2024-08-21
2503;2502;bd8fef16b460;2024-08-19
2504;2503;bd8fef16b460;2024-08-19
2505;2504;bd8fef16b460;2024-08-20
2506;2505;bd8fef16b460;2024-08-20
2507;2506;bd8fef16b460;2024-08-16
2508;2507;bd8fef16b460;2024-08-23
2509;2508;bd8fef16b460;2024-08-25
2510;2509;bd8fef16b460;2024-08-27
2511;2510;bd8fef16b460;2024-08-30
2512;2511;bd8fef16b460;2024-08-23
2513;2512;bd8fef16b460;2024-08-28
2514;2513;bd8fef16b460;2024-08-27
2515;2514;bd8fef16b460;2024-08-27
2516;2515;bd8fef16b460;2024-08-29
2517;2516;bd8fef16b460;2024-08-29
2518;2517;bd8fef16b460;2024-08-28
2519;2518;bd8fef16b460;2024-08-29
2520;2519;bd8fef16b460;2024-09-12
2521;2520;bd8fef16b460;2024-09-12
2522;2521;bd8fef16b460;2024-09-20
2523;2522;bd8fef16b460;2024-09-27
2524;2523;bd8fef16b460;2024-09-20
2525;2524;bd8fef16b460;2024-09-24
2526;2525;bd8fef16b460;2024-09-24
2527;2526;bd8fef16b460;2024-09-27
2528;2527;bd8fef16b460;2024-09-30
2529;2528;bd8fef16b460;2024-09-28
2530;2529;bd8fef16b460;2024-09-24
2531;2530;bd8fef16b460;2024-09-30
2532;2531;bd8fef16b460;2024-10-04
2533;2532;bd8fef16b460;2024-09-30
2534;2533;bd8fef16b460;2024-10-02
2535;2534;bd8fef16b460;2024-10-01
2536;2535;bd8fef16b460;2024-10-03
2537;2536;bd8fef16b460;2024-10-04
2538;2537;bd8fef16b460;2024-10-15
2539;2539;bd8fef16b460;2024-10-10
2540;2540;bd8fef16b460;2024-10-10
2541;2542;bd8fef16b460;2024-10-09
2542;2541;bd8fef16b460;2024-10-10
2543;2538;bd8fef16b460;2024-10-09
2544;2543;bd8fef16b460;2024-10-11
2545;2544;bd8fef16b460;2024-10-16
2546;2545;bd8fef16b460;2024-10-14
2547;2546;bd8fef16b460;2024-10-14
2548;2548;bd8fef16b460;2024-10-16
2549;2549;bd8fef16b460;2024-10-16
2550;2550;bd8fef16b460;2024-10-18
2551;2551;bd8fef16b460;2024-10-17
2552;2552;bd8fef16b460;2024-10-17
2553;2547;bd8fef16b460;2024-10-21
2554;2553;bd8fef16b460;2024-10-17
2555;2554;bd8fef16b460;2024-10-21
2556;2555;bd8fef16b460;2024-10-21
2557;2556;bd8fef16b460;2024-10-22
2558;2557;bd8fef16b460;2024-10-21
2559;2558;bd8fef16b460;2024-10-22
2560;2559;bd8fef16b460;2024-10-22
2561;2560;bd8fef16b460;2024-10-22
2562;2561;bd8fef16b460;2024-10-23
2563;2562;bd8fef16b460;2024-10-23
2564;2563;bd8fef16b460;2024-10-24
2565;2564;bd8fef16b460;2024-10-23
2566;2565;bd8fef16b460;2024-10-24
2567;2566;bd8fef16b460;2024-10-24
